OA11CD,Target,AGE,S1,Q5a,Q5b,Q5c,Q5d,Q5e,Q5g,Q5h,Q5i,Q5j,Q5l,Q20,Q21,Q25,Q27,Q28,Q29,Q30,Q32,Q33,Q34,Q35,Q36a,Q36b,Q36c,Q31,Q37a,Q38,AcornTypeCode,Q3_Full-Time Student,Q3_Registered Unemployed (Job Seeker's Allowance),Q3_Retired,Q3_Unemployed due to ill health,"Q3_Unemployed, Not Registered-Seeking Work",Q3_Working - Full Time (30+ HRS),Q3_Working - Part Time (8 - 29 HRS),Q4_(Refused),Q4_Any - Other White background (type in),Q4_Asian or Asian British - Any other Asian Background (type in),Q4_Asian or Asian British - Bangladeshi,Q4_Asian or Asian British - Chinese ,Q4_Asian or Asian British - Indian,Q4_Asian or Asian British - Pakistani,Q4_Black or Black British -  Caribbean,Q4_Black or Black British - African ,Q4_Black or Black British - Any other black background (type in),Q4_Mixed - White and Black - African,Q4_Mixed - White and Black - Caribbean,Q4_Other Ethnic groups - Any other background (type in),Q4_Other Ethnic groups - Arab,Q4_White - Eastern European  (type in),Q4_White - Irish,Q4_White - Western European,Number of Council Services accessed,Information about public services,Q12 Online,Q12 Offline,Usefulness of offline publication,Q22_Live Here Rent Free,Q22_Owns Outright,Q22_Owns With A Mortgage Or Loan,Q22_Part Owns And Part Rents (shared Ownership),Q22_Rents (With Or Without Housing Benefit),Q22_Rents A Room In A Shared Property,Financial Worry
E00023413,0.0,40.25,0.25,2.75,2.75,2.3333333333333335,2.75,1.0,1.75,2.25,2.0,2.0,1.5,1.0,2.75,2.25,2.3333333333333335,0.0,0.0,3.0,9.0,8.75,8.5,5.75,1.0,1.0,1.0,0.75,0.5,6.5,13.0,0.0,0.0,0.25,0.0,0.0,0.25,0.5,0.0,0.0,0.0,0.0,0.0,0.0,0.0,0.0,0.0,0.0,0.0,0.0,0.25,0.0,0.25,0.0,0.5,0.0,1.4000000000000001,0.5,0.75,3.6666666666666665,0.25,0.25,0.0,0.0,0.5,0.0,0.0
E00023415,0.0,43.25,0.25,4.0,3.75,4.5,4.75,4.0,4.5,4.0,4.0,3.5,3.75,1.0,3.75,2.5,2.75,0.0,0.0,2.75,9.0,9.0,8.75,5.5,1.5,1.5,1.5,1.0,1.0,7.5,12.5,0.25,0.0,0.0,0.0,0.25,0.5,0.0,0.0,0.25,0.0,0.0,0.0,0.0,0.0,0.0,0.0,0.0,0.0,0.25,0.0,0.0,0.0,0.25,0.25,0.25,1.25,1.25,0.75,1.0,0.0,0.0,0.25,0.0,0.75,0.0,0.5
E00023419,0.0,45.0,0.5,1.5,3.5,1.0,3.5,1.5,2.5,5.0,3.0,4.0,2.0,1.0,4.0,1.5,2.5,0.5,0.0,3.0,8.0,8.0,8.0,5.0,1.0,1.0,1.0,1.0,1.0,8.0,16.0,0.0,0.0,0.0,0.0,0.0,1.0,0.0,0.0,0.0,0.0,0.0,0.0,0.0,0.0,0.0,0.0,0.0,0.0,0.5,0.0,0.0,0.0,0.0,0.0,0.0,1.5,1.5,1.0,4.0,0.0,0.0,0.5,0.0,0.5,0.0,0.0
E00023422,0.0,42.833333333333336,0.5,2.5,2.5,2.6,3.0,2.1666666666666665,2.5,2.3333333333333335,2.1666666666666665,2.5,2.0,2.1666666666666665,3.1666666666666665,2.1666666666666665,3.1666666666666665,0.3333333333333333,0.0,3.0,8.833333333333334,8.833333333333334,8.333333333333334,1.6666666666666667,1.1666666666666667,1.0,1.0,1.0,1.0,8.833333333333334,16.0,0.0,0.0,0.16666666666666666,0.0,0.16666666666666666,0.6666666666666666,0.0,0.0,0.0,0.0,0.0,0.0,0.16666666666666666,0.0,0.0,0.0,0.0,0.0,0.0,0.0,0.0,0.0,0.16666666666666666,0.6666666666666666,0.0,1.5,0.3333333333333333,2.5,1.9444444444444444,0.0,0.6666666666666666,0.0,0.0,0.3333333333333333,0.0,0.0
E00023423,0.0,40.57142857142857,0.5714285714285714,4.0,4.142857142857143,4.0,4.0,3.4285714285714284,3.7142857142857144,3.7142857142857144,3.7142857142857144,3.4285714285714284,4.142857142857143,1.2857142857142858,3.5714285714285716,2.4285714285714284,2.142857142857143,0.2857142857142857,0.0,2.857142857142857,9.428571428571429,8.428571428571429,8.428571428571429,5.571428571428571,1.2857142857142858,1.1428571428571428,1.2857142857142858,1.0,0.7142857142857143,7.428571428571429,15.285714285714286,0.14285714285714285,0.0,0.14285714285714285,0.0,0.0,0.42857142857142855,0.2857142857142857,0.0,0.14285714285714285,0.0,0.14285714285714285,0.0,0.14285714285714285,0.0,0.14285714285714285,0.0,0.0,0.0,0.0,0.0,0.0,0.0,0.14285714285714285,0.2857142857142857,0.0,1.4285714285714286,1.4285714285714286,0.7142857142857143,1.2,0.0,0.0,0.0,0.0,0.8571428571428571,0.14285714285714285,0.42857142857142855
E00023425,0.0,22.0,1.0,5.0,4.0,5.0,4.0,3.0,5.0,4.0,2.0,2.0,2.0,2.0,4.0,2.0,4.0,0.0,0.0,3.0,9.0,9.0,9.0,5.0,1.0,1.0,1.0,1.0,1.0,9.0,2.0,0.0,0.0,0.0,0.0,0.0,1.0,0.0,0.0,0.0,0.0,0.0,0.0,0.0,0.0,0.0,0.0,0.0,0.0,0.0,0.0,0.0,0.0,0.0,1.0,0.0,1.0,2.0,0.0,,0.0,0.0,0.0,0.0,0.0,1.0,0.0
E00023429,0.0,38.5,0.75,4.75,4.25,5.0,4.25,4.0,4.75,4.75,1.75,2.0,4.25,1.25,3.25,2.5,2.5,0.0,0.25,3.0,9.75,9.25,9.75,5.25,1.0,1.25,1.0,1.0,1.0,7.5,15.0,0.0,0.0,0.0,0.0,0.0,1.0,0.0,0.0,0.0,0.0,0.0,0.0,0.0,0.0,0.75,0.0,0.0,0.0,0.0,0.0,0.0,0.0,0.25,0.0,0.0,1.0,2.25,0.5,1.0,0.0,0.0,0.0,0.0,1.0,0.0,0.75
E00023437,0.0,57.0,1.0,4.0,4.0,,4.0,4.0,4.0,4.0,3.0,4.0,4.0,2.0,4.0,3.0,5.0,2.0,1.0,3.0,10.0,9.0,8.0,2.0,1.0,1.0,1.0,1.0,1.0,8.0,16.0,0.0,0.0,1.0,0.0,0.0,0.0,0.0,0.0,0.0,0.0,0.0,0.0,0.0,0.0,0.0,0.0,0.0,0.0,0.0,0.0,0.0,0.0,0.0,1.0,1.0,2.0,0.0,2.0,1.0,0.0,0.0,0.0,0.0,1.0,0.0,0.0
E00023444,0.4,53.4,0.6,2.4,2.4,2.0,2.5,1.6,1.8,2.6,2.2,2.6,2.0,2.0,3.0,3.4,5.0,0.4,0.0,3.0,9.4,8.8,8.6,2.4,1.0,1.0,1.0,1.0,0.8,8.6,38.8,0.2,0.0,0.4,0.0,0.0,0.2,0.2,0.0,0.0,0.0,0.0,0.0,0.0,0.2,0.0,0.0,0.0,0.0,0.0,0.0,0.0,0.0,0.2,0.4,0.0,2.0,0.0,2.0,1.5,0.0,0.4,0.0,0.0,0.6,0.0,0.6
E00023447,0.0,56.25,0.75,4.25,4.25,4.0,4.0,1.0,3.75,4.25,3.5,4.25,3.5,1.5,3.75,2.75,1.25,0.0,0.0,2.0,8.0,8.0,7.5,7.25,1.75,1.75,2.0,1.0,1.0,8.5,44.75,0.0,0.0,0.25,0.25,0.25,0.25,0.0,0.0,0.25,0.0,0.0,0.0,0.0,0.0,0.0,0.0,0.0,0.0,0.0,0.0,0.0,0.0,0.0,0.75,0.25,1.8125,0.25,1.25,2.375,0.0,0.0,0.0,0.0,1.0,0.0,0.0
E00023448,0.0,42.5,0.5,2.1666666666666665,2.5,1.75,2.6666666666666665,1.3333333333333333,2.0,2.5,2.1666666666666665,2.5,1.5,5.0,3.6666666666666665,1.6666666666666667,3.0,0.3333333333333333,0.0,3.0,8.333333333333334,8.5,8.333333333333334,4.333333333333333,1.1666666666666667,1.1666666666666667,1.1666666666666667,1.0,1.0,9.0,4.333333333333333,0.16666666666666666,0.0,0.16666666666666666,0.0,0.0,0.5,0.16666666666666666,0.0,0.0,0.0,0.0,0.0,0.0,0.0,0.0,0.0,0.0,0.0,0.0,0.0,0.0,0.0,0.0,1.0,0.0,1.8125,0.6666666666666666,1.0,2.4,0.5,0.3333333333333333,0.16666666666666666,0.0,0.0,0.0,0.3333333333333333
E00023449,0.5,30.0,0.0,1.5,1.5,2.0,1.5,3.5,3.5,3.5,2.5,2.5,2.0,2.5,4.0,2.0,3.0,0.5,0.0,3.0,10.0,9.0,7.5,2.0,1.0,1.0,1.0,1.0,0.5,5.0,16.0,0.0,0.0,0.0,0.0,0.0,1.0,0.0,0.0,0.0,0.0,0.0,0.5,0.5,0.0,0.0,0.0,0.0,0.0,0.0,0.0,0.0,0.0,0.0,0.0,0.0,2.0,0.0,0.5,1.0,0.0,1.0,0.0,0.0,0.0,0.0,1.5
E00023451,0.0,40.333333333333336,0.75,2.0,2.5,1.75,3.25,1.25,2.75,3.25,3.75,3.75,3.0,1.25,2.6666666666666665,2.0,1.75,0.0,0.0,3.0,8.25,8.0,7.25,6.0,2.0,2.0,1.75,0.75,0.5,8.25,16.0,0.0,0.0,0.0,0.0,0.0,1.0,0.0,0.0,0.0,0.0,0.0,0.0,0.25,0.0,0.0,0.0,0.0,0.0,0.0,0.0,0.0,0.0,0.0,0.75,0.5,3.1625,0.0,0.75,1.5,0.0,0.25,0.0,0.0,0.75,0.0,0.25
E00023452,0.0,36.5,0.4,2.0,2.2,1.2,2.8,1.6,1.8,2.2,2.0,2.0,1.8,2.4,3.0,1.4,2.4,1.2,0.0,3.0,8.6,8.6,8.2,3.4,1.4,1.0,1.2,1.0,0.8,8.2,15.0,0.0,0.0,0.0,0.0,0.0,0.8,0.2,0.0,0.0,0.0,0.0,0.0,0.0,0.0,0.2,0.0,0.0,0.0,0.0,0.0,0.0,0.2,0.0,0.6,0.0,2.2800000000000002,0.0,0.8,2.0,0.0,0.0,0.0,0.0,1.0,0.0,0.0
E00023459,0.0,49.25,0.5,3.5,3.6666666666666665,2.4,3.2,1.5,2.8333333333333335,3.1666666666666665,2.6666666666666665,3.1666666666666665,2.8333333333333335,3.1666666666666665,3.2,2.5,2.6,0.4,0.0,3.0,8.833333333333334,9.0,8.833333333333334,4.833333333333333,1.0,1.0,1.0,1.0,0.8333333333333334,8.8,2.0,0.0,0.0,0.16666666666666666,0.0,0.16666666666666666,0.5,0.16666666666666666,0.0,0.0,0.16666666666666666,0.0,0.0,0.16666666666666666,0.0,0.0,0.16666666666666666,0.0,0.0,0.0,0.0,0.0,0.0,0.0,0.5,0.0,2.5444444444444443,1.1666666666666667,1.3333333333333333,2.0,0.0,0.8333333333333334,0.0,0.0,0.16666666666666666,0.0,0.0
E00023468,0.0,39.142857142857146,0.4444444444444444,2.2222222222222223,2.6666666666666665,2.3333333333333335,2.888888888888889,1.3333333333333333,2.5555555555555554,2.5555555555555554,2.4444444444444446,2.7777777777777777,2.2222222222222223,2.0,2.888888888888889,1.4444444444444444,3.0,0.1111111111111111,0.0,3.0,9.666666666666666,9.222222222222221,8.333333333333334,2.6666666666666665,1.2222222222222223,1.2222222222222223,1.2222222222222223,0.8888888888888888,0.8888888888888888,7.777777777777778,16.0,0.1111111111111111,0.0,0.2222222222222222,0.0,0.0,0.5555555555555556,0.1111111111111111,0.0,0.0,0.0,0.0,0.0,0.0,0.1111111111111111,0.1111111111111111,0.0,0.0,0.0,0.0,0.0,0.0,0.0,0.0,0.7777777777777778,0.0,2.075,0.2222222222222222,1.2222222222222223,2.5714285714285716,0.0,0.5555555555555556,0.0,0.0,0.4444444444444444,0.0,0.1111111111111111
E00023469,0.0,39.57142857142857,0.375,4.5,4.625,4.8,4.142857142857143,3.625,4.5,4.5,3.25,3.25,3.75,1.0,3.375,2.5,2.5,0.0,0.0,2.875,9.25,8.75,8.5,3.375,1.25,1.0,1.25,1.0,0.5,6.125,15.0,0.0,0.0,0.125,0.0,0.25,0.5,0.125,0.0,0.0,0.125,0.0,0.0,0.125,0.125,0.0,0.0,0.0,0.0,0.0,0.0,0.0,0.0,0.125,0.5,0.0,1.25,1.0,1.125,1.0,0.0,0.125,0.0,0.0,0.75,0.125,0.125
E00023474,0.0,43.57142857142857,0.5714285714285714,2.5714285714285716,2.4285714285714284,2.142857142857143,2.5714285714285716,1.8571428571428572,2.0,2.4285714285714284,1.8571428571428572,2.2857142857142856,2.142857142857143,2.0,2.7142857142857144,1.4285714285714286,1.7142857142857142,0.5714285714285714,0.0,3.0,8.428571428571429,8.571428571428571,8.0,4.0,1.1428571428571428,1.0,1.0,1.0,1.0,9.0,15.0,0.0,0.0,0.0,0.0,0.0,0.7142857142857143,0.2857142857142857,0.0,0.0,0.0,0.0,0.0,0.0,0.0,0.42857142857142855,0.14285714285714285,0.0,0.0,0.0,0.0,0.0,0.0,0.0,0.42857142857142855,0.0,1.9142857142857144,0.0,0.7142857142857143,2.0,0.0,0.42857142857142855,0.0,0.0,0.5714285714285714,0.0,0.0
E00023475,0.0,48.666666666666664,0.3333333333333333,3.0,3.0,1.0,3.6666666666666665,2.0,2.6666666666666665,3.0,1.6666666666666667,3.0,1.6666666666666667,2.0,3.3333333333333335,2.0,3.0,1.0,0.0,3.0,9.666666666666666,9.0,9.333333333333334,1.6666666666666667,1.0,1.0,1.0,1.0,0.6666666666666666,7.0,2.0,0.0,0.0,0.3333333333333333,0.0,0.3333333333333333,0.3333333333333333,0.0,0.0,0.0,0.0,0.0,0.0,0.0,0.0,0.0,0.0,0.0,0.0,0.0,0.0,0.0,0.0,0.0,1.0,0.0,2.5833333333333335,1.0,1.0,2.5,0.0,0.6666666666666666,0.3333333333333333,0.0,0.0,0.0,0.0
E00023481,0.0,40.4,0.8,3.0,3.4,3.0,3.6,3.0,3.8,3.8,3.0,3.0,2.75,2.6,3.6,3.4,3.2,1.2,0.2,3.0,9.8,9.8,9.6,4.2,1.25,1.25,1.25,1.0,0.6,7.8,16.0,0.0,0.0,0.0,0.2,0.0,0.2,0.6,0.0,0.0,0.0,0.0,0.0,0.0,0.0,0.0,0.0,0.0,0.0,0.0,0.0,0.6,0.0,0.0,0.4,0.4,2.19,1.2,1.0,2.25,0.2,0.2,0.0,0.0,0.6,0.0,1.0
E00023483,0.0,55.666666666666664,0.6666666666666666,2.6666666666666665,2.3333333333333335,1.6666666666666667,2.0,2.3333333333333335,2.3333333333333335,1.6666666666666667,2.3333333333333335,2.3333333333333335,1.6666666666666667,2.0,3.0,1.3333333333333333,2.3333333333333335,1.0,0.0,3.0,8.666666666666666,8.0,8.0,2.6666666666666665,1.0,1.0,1.0,1.0,0.6666666666666666,8.666666666666666,17.0,0.0,0.0,0.0,0.3333333333333333,0.0,0.6666666666666666,0.0,0.0,0.0,0.0,0.0,0.0,0.0,0.0,0.3333333333333333,0.0,0.0,0.3333333333333333,0.3333333333333333,0.0,0.0,0.0,0.0,0.0,0.0,1.8,0.0,1.0,2.0,0.0,0.3333333333333333,0.0,0.0,0.3333333333333333,0.3333333333333333,0.0
E00023484,0.0,38.0,0.3333333333333333,1.6666666666666667,1.6666666666666667,1.3333333333333333,1.3333333333333333,1.3333333333333333,1.6666666666666667,1.6666666666666667,1.3333333333333333,1.3333333333333333,1.6666666666666667,1.6666666666666667,2.3333333333333335,1.6666666666666667,3.0,1.0,0.0,3.0,9.666666666666666,9.666666666666666,8.333333333333334,2.6666666666666665,1.0,1.0,1.0,1.0,0.6666666666666666,8.666666666666666,15.333333333333334,0.0,0.0,0.0,0.0,0.0,1.0,0.0,0.0,0.0,0.0,0.0,0.0,0.0,0.0,0.0,0.0,0.0,0.0,0.0,0.0,0.0,0.0,0.0,1.0,0.0,1.6666666666666667,0.0,1.3333333333333333,1.5,0.0,0.3333333333333333,0.0,0.3333333333333333,0.3333333333333333,0.0,0.0
E00023487,0.42857142857142855,33.25,0.8571428571428571,2.7142857142857144,2.857142857142857,2.2,1.8333333333333333,2.0,2.2857142857142856,2.4285714285714284,2.2857142857142856,2.5,2.5714285714285716,1.8571428571428572,3.5714285714285716,2.7142857142857144,3.3333333333333335,0.5,0.0,3.0,9.428571428571429,8.571428571428571,8.142857142857142,2.7142857142857144,1.1428571428571428,1.0,1.1428571428571428,1.0,0.5714285714285714,6.714285714285714,19.428571428571427,0.42857142857142855,0.0,0.0,0.0,0.0,0.2857142857142857,0.14285714285714285,0.14285714285714285,0.0,0.42857142857142855,0.0,0.0,0.0,0.0,0.0,0.0,0.0,0.0,0.0,0.0,0.14285714285714285,0.0,0.0,0.2857142857142857,0.0,2.466666666666667,0.0,0.8571428571428571,2.5,0.0,0.0,0.0,0.0,1.0,0.0,0.0
E00023494,0.2,46.2,0.6,2.6,2.0,2.0,2.8,1.6,1.6,2.2,1.6,2.0,2.0,2.0,3.0,1.4,2.6,0.8,0.0,3.0,9.4,8.6,8.4,2.6,1.0,1.0,1.0,1.0,1.0,9.0,16.0,0.0,0.0,0.0,0.0,0.0,0.8,0.2,0.0,0.0,0.0,0.0,0.0,0.0,0.0,0.6,0.0,0.0,0.0,0.0,0.0,0.0,0.0,0.0,0.4,0.0,2.0,0.0,0.8,1.8333333333333333,0.0,0.2,0.0,0.0,0.8,0.0,0.0
E00023506,0.0,48.57142857142857,0.42857142857142855,2.2857142857142856,3.2857142857142856,2.0,3.142857142857143,1.2857142857142858,2.2857142857142856,2.7142857142857144,2.4285714285714284,3.0,2.4285714285714284,1.8571428571428572,2.7142857142857144,1.8571428571428572,2.0,0.5714285714285714,0.0,2.857142857142857,8.857142857142858,8.857142857142858,9.285714285714286,3.2857142857142856,1.2857142857142858,1.2857142857142858,1.4285714285714286,1.1428571428571428,0.42857142857142855,6.142857142857143,15.857142857142858,0.0,0.0,0.2857142857142857,0.0,0.0,0.5714285714285714,0.14285714285714285,0.0,0.42857142857142855,0.0,0.0,0.0,0.0,0.0,0.0,0.0,0.0,0.0,0.0,0.0,0.0,0.0,0.0,0.5714285714285714,0.0,1.8,1.8571428571428572,1.4285714285714286,2.0277777777777777,0.0,0.2857142857142857,0.0,0.0,0.7142857142857143,0.0,0.0
E00023515,0.125,47.857142857142854,0.75,4.875,4.5,4.5,3.625,2.4285714285714284,3.875,3.75,4.0,4.0,3.75,1.125,3.25,2.375,3.5,0.0,0.0,3.0,9.75,9.0,9.5,5.125,1.25,1.125,1.125,0.875,0.75,6.875,54.0,0.25,0.125,0.25,0.0,0.0,0.375,0.0,0.0,0.125,0.125,0.0,0.0,0.0,0.0,0.0,0.125,0.0,0.0,0.0,0.0,0.0,0.0,0.25,0.375,0.0,1.225,2.0,1.0,1.0,0.0,0.0,0.0,0.0,1.0,0.0,0.25
E00023516,0.0,24.0,0.5,2.5,2.0,2.5,2.0,3.0,3.5,3.0,2.0,2.0,2.0,5.5,4.0,2.0,3.5,1.5,0.5,3.0,7.5,7.5,8.0,3.5,1.0,1.0,1.0,1.0,0.5,5.5,16.0,0.5,0.0,0.0,0.0,0.0,0.5,0.0,0.0,0.0,0.0,0.0,0.0,0.0,0.0,0.0,0.0,0.0,0.0,0.0,0.0,0.0,0.0,0.0,1.0,0.0,3.0,0.5,0.0,,0.0,0.0,0.0,0.0,0.0,1.0,0.5
E00023517,0.125,45.5,0.5,2.375,2.25,2.5,2.5,2.125,2.375,2.625,2.375,2.125,2.125,1.875,2.625,1.375,1.75,5.0,0.0,3.0,9.5,9.375,8.5,3.375,1.125,1.0,1.0,1.0,0.625,8.25,15.0,0.0,0.0,0.25,0.0,0.0,0.75,0.0,0.0,0.125,0.125,0.0,0.0,0.0,0.0,0.0,0.375,0.0,0.0,0.0,0.0,0.0,0.0,0.0,0.375,0.0,1.9,0.0,0.875,2.0,0.0,0.375,0.0,0.0,0.625,0.0,0.5
E00023522,0.0,47.166666666666664,0.5,3.1666666666666665,3.1666666666666665,2.4,3.1666666666666665,1.8333333333333333,2.6666666666666665,3.6666666666666665,3.0,3.1666666666666665,1.8,2.1666666666666665,2.5,1.6666666666666667,2.1666666666666665,0.16666666666666666,0.16666666666666666,3.0,8.0,8.5,8.333333333333334,5.666666666666667,1.1666666666666667,1.1666666666666667,1.3333333333333333,1.1666666666666667,0.8333333333333334,8.5,16.0,0.0,0.0,0.16666666666666666,0.0,0.0,0.8333333333333334,0.0,0.0,0.0,0.16666666666666666,0.0,0.0,0.16666666666666666,0.0,0.0,0.16666666666666666,0.0,0.0,0.0,0.0,0.0,0.0,0.0,0.5,0.0,2.066666666666667,1.3333333333333333,2.0,1.6666666666666667,0.0,0.5,0.5,0.0,0.0,0.0,0.0
E00023526,0.0,40.0,0.42857142857142855,2.857142857142857,2.857142857142857,2.1666666666666665,2.7142857142857144,2.2857142857142856,2.142857142857143,2.4285714285714284,2.7142857142857144,2.4285714285714284,2.142857142857143,1.5714285714285714,2.4285714285714284,2.0,2.4285714285714284,0.0,0.0,3.0,9.428571428571429,9.285714285714286,9.0,4.714285714285714,1.1666666666666667,1.0,1.1428571428571428,0.7142857142857143,0.42857142857142855,6.571428571428571,16.0,0.14285714285714285,0.0,0.14285714285714285,0.0,0.0,0.7142857142857143,0.0,0.0,0.0,0.0,0.0,0.0,0.0,0.14285714285714285,0.0,0.14285714285714285,0.0,0.0,0.0,0.0,0.0,0.14285714285714285,0.0,0.5714285714285714,0.0,1.9714285714285713,0.0,1.0,1.3,0.0,0.2857142857142857,0.14285714285714285,0.0,0.5714285714285714,0.0,0.14285714285714285
E00023532,0.375,46.375,0.5,5.0,4.625,3.6,4.625,2.6666666666666665,4.5,4.25,4.75,4.5,4.375,1.375,3.625,3.125,1.75,0.625,0.0,2.75,7.875,8.375,8.625,6.25,1.5,1.375,1.75,1.0,0.625,7.875,54.5,0.125,0.25,0.125,0.125,0.0,0.25,0.125,0.0,0.0,0.0,0.125,0.0,0.0,0.0,0.125,0.125,0.0,0.0,0.0,0.0,0.0,0.25,0.0,0.375,1.125,3.26875,0.5,1.5,2.0,0.0,0.0,0.0,0.0,1.0,0.0,1.25
E00023533,0.0,48.0,0.0,5.0,4.0,4.0,4.0,4.0,5.0,4.0,3.0,3.0,3.0,2.0,2.0,4.0,1.0,0.0,0.0,1.0,7.0,7.0,6.0,5.0,1.0,1.0,1.0,1.0,1.0,8.0,16.0,0.0,0.0,0.0,0.0,1.0,0.0,0.0,0.0,0.0,0.0,0.0,0.0,0.0,0.0,0.0,0.0,0.0,0.0,0.0,0.0,0.0,0.0,0.0,1.0,0.0,3.0,1.0,1.0,3.0,0.0,0.0,0.0,0.0,1.0,0.0,1.0
E00023535,0.0,39.0,0.375,3.375,3.75,2.7142857142857144,3.75,1.875,2.75,3.25,3.0,3.25,2.625,3.125,3.4285714285714284,3.625,3.25,1.0,0.375,2.75,8.125,8.75,8.25,6.25,1.4285714285714286,1.4285714285714286,1.4285714285714286,1.0,0.625,8.125,54.0,0.25,0.0,0.0,0.125,0.0,0.375,0.25,0.0,0.125,0.0,0.125,0.0,0.0,0.0,0.0,0.0,0.0,0.0,0.0,0.0,0.125,0.0,0.0,0.625,0.375,2.1714285714285717,0.75,0.75,2.0,0.0,0.0,0.0,0.0,1.0,0.0,2.0
E00023539,0.0,48.285714285714285,0.5,4.25,4.25,4.0,4.375,2.4,4.5,4.125,4.375,4.25,4.25,1.5,3.5,3.25,3.0,0.25,0.0,2.875,8.625,8.625,8.375,5.375,1.25,1.625,1.5,1.0,1.0,8.25,55.0,0.0,0.125,0.0,0.125,0.125,0.375,0.125,0.0,0.0,0.0,0.125,0.0,0.0,0.0,0.0,0.25,0.0,0.0,0.0,0.0,0.0,0.0,0.0,0.625,1.125,3.2812499999999996,0.25,1.125,2.0,0.0,0.0,0.0,0.0,1.0,0.0,1.0
E00023546,0.0,43.666666666666664,0.6666666666666666,3.0,2.5,2.1666666666666665,2.1666666666666665,1.8333333333333333,2.5,2.5,2.6666666666666665,2.6666666666666665,1.6666666666666667,1.6666666666666667,2.8333333333333335,2.5,1.5,0.6666666666666666,0.0,3.0,9.5,9.333333333333334,8.666666666666666,5.333333333333333,1.0,1.0,1.0,1.0,0.3333333333333333,5.166666666666667,16.0,0.16666666666666666,0.0,0.16666666666666666,0.0,0.0,0.5,0.0,0.16666666666666666,0.3333333333333333,0.16666666666666666,0.0,0.0,0.0,0.0,0.0,0.0,0.0,0.0,0.0,0.0,0.0,0.0,0.0,0.3333333333333333,0.0,2.1666666666666665,0.5,0.6666666666666666,3.6666666666666665,0.0,0.0,0.0,0.0,1.0,0.0,0.0
E00023549,0.0,52.666666666666664,0.3333333333333333,4.666666666666667,4.5,3.75,4.333333333333333,3.0,4.5,4.0,4.333333333333333,4.166666666666667,4.166666666666667,1.1666666666666667,3.1666666666666665,3.0,2.8333333333333335,1.1666666666666667,0.16666666666666666,2.8333333333333335,8.833333333333334,8.666666666666666,9.0,5.166666666666667,1.1666666666666667,1.3333333333333333,1.1666666666666667,1.0,0.6666666666666666,7.333333333333333,55.0,0.0,0.16666666666666666,0.0,0.3333333333333333,0.0,0.16666666666666666,0.3333333333333333,0.0,0.0,0.0,0.0,0.0,0.0,0.0,0.16666666666666666,0.16666666666666666,0.0,0.0,0.16666666666666666,0.0,0.0,0.3333333333333333,0.16666666666666666,0.0,1.1666666666666667,3.1166666666666667,0.16666666666666666,1.8333333333333333,2.0,0.0,0.0,0.0,0.0,1.0,0.0,1.3333333333333333
E00023550,0.125,45.0,0.5,3.0,2.25,2.25,1.0,1.0,1.625,1.625,2.375,2.125,1.0,1.25,2.875,2.625,2.75,0.5,0.0,2.875,9.375,8.125,8.625,3.25,1.125,1.125,1.125,1.0,0.75,7.875,24.0,0.125,0.0,0.25,0.0,0.0,0.25,0.125,0.125,0.0,0.0,0.0,0.0,0.0,0.0,0.0,0.0,0.0,0.0,0.0,0.0,0.0,0.0,0.0,0.875,0.0,1.375,0.875,1.125,1.4,0.0,0.25,0.125,0.0,0.625,0.0,0.0
E00023561,0.0,47.285714285714285,0.5714285714285714,3.7142857142857144,3.4285714285714284,3.1666666666666665,3.6666666666666665,2.857142857142857,2.5714285714285716,3.2857142857142856,3.0,3.2857142857142856,3.1666666666666665,2.7142857142857144,3.0,2.7142857142857144,1.4285714285714286,0.7142857142857143,0.42857142857142855,2.7142857142857144,7.428571428571429,8.142857142857142,8.0,3.142857142857143,1.5714285714285714,1.2857142857142858,1.2857142857142858,1.0,0.8571428571428571,8.833333333333334,54.0,0.0,0.0,0.0,0.0,0.14285714285714285,0.5714285714285714,0.2857142857142857,0.0,0.14285714285714285,0.0,0.0,0.0,0.14285714285714285,0.0,0.0,0.0,0.14285714285714285,0.0,0.0,0.0,0.0,0.0,0.0,0.5714285714285714,0.0,2.4,0.7142857142857143,0.7142857142857143,2.25,0.0,0.0,0.0,0.0,1.0,0.0,0.5714285714285714
E00023564,0.0,43.8,0.3333333333333333,4.5,4.5,4.4,4.4,2.8333333333333335,4.333333333333333,4.166666666666667,2.5,2.8333333333333335,3.5,1.3333333333333333,2.1666666666666665,3.0,2.6666666666666665,0.3333333333333333,0.3333333333333333,2.8333333333333335,9.333333333333334,8.166666666666666,8.166666666666666,6.5,1.6666666666666667,1.5,1.3333333333333333,1.0,1.0,8.333333333333334,54.666666666666664,0.0,0.0,0.0,0.0,0.3333333333333333,0.6666666666666666,0.0,0.0,0.0,0.0,0.16666666666666666,0.0,0.16666666666666666,0.0,0.16666666666666666,0.16666666666666666,0.0,0.0,0.0,0.0,0.0,0.0,0.0,0.3333333333333333,0.16666666666666666,1.9333333333333336,1.6666666666666667,0.8333333333333334,1.5,0.0,0.0,0.0,0.0,0.8333333333333334,0.16666666666666666,0.6666666666666666
E00023565,0.0,44.666666666666664,0.5,4.333333333333333,4.166666666666667,4.6,4.5,2.5,4.0,4.166666666666667,4.333333333333333,4.166666666666667,3.1666666666666665,1.6666666666666667,2.8333333333333335,2.8333333333333335,2.8333333333333335,0.16666666666666666,0.6666666666666666,2.6666666666666665,7.0,6.0,8.333333333333334,5.833333333333333,1.8333333333333333,1.5,1.6666666666666667,1.0,0.8333333333333334,7.5,54.0,0.0,0.0,0.0,0.0,0.3333333333333333,0.5,0.16666666666666666,0.0,0.0,0.3333333333333333,0.0,0.0,0.0,0.0,0.16666666666666666,0.0,0.0,0.0,0.0,0.0,0.0,0.16666666666666666,0.0,0.3333333333333333,0.16666666666666666,3.008333333333333,0.8333333333333334,1.1666666666666667,2.3,0.0,0.0,0.3333333333333333,0.0,0.6666666666666666,0.0,1.0
E00023566,1.0,35.0,0.0,4.0,4.0,,5.0,4.0,4.0,4.0,4.0,4.0,4.0,2.0,4.0,3.0,3.0,1.0,0.0,3.0,7.0,7.0,9.0,7.0,2.0,1.0,2.0,1.0,0.0,4.0,54.0,0.0,0.0,0.0,0.0,1.0,0.0,0.0,0.0,0.0,0.0,0.0,0.0,0.0,0.0,0.0,0.0,0.0,0.0,0.0,0.0,0.0,1.0,0.0,0.0,0.0,2.5,0.0,1.0,1.0,0.0,0.0,0.0,0.0,1.0,0.0,0.0
E00023567,1.0,44.0,0.0,2.0,2.0,,,1.0,4.0,5.0,1.0,1.0,1.0,1.0,1.0,2.0,4.0,2.0,0.0,3.0,9.0,9.0,9.0,9.0,1.0,1.0,2.0,1.0,1.0,8.0,16.0,0.0,0.0,0.0,0.0,1.0,0.0,0.0,0.0,0.0,0.0,0.0,0.0,0.0,0.0,0.0,0.0,0.0,0.0,0.0,0.0,0.0,0.0,0.0,1.0,0.0,3.0,0.0,0.0,,0.0,0.0,0.0,0.0,1.0,0.0,0.0
E00023571,0.3333333333333333,44.333333333333336,0.6666666666666666,4.333333333333333,4.166666666666667,3.6666666666666665,3.8333333333333335,1.3333333333333333,4.166666666666667,4.333333333333333,2.0,2.1666666666666665,3.1666666666666665,1.0,2.1666666666666665,2.6666666666666665,3.1666666666666665,0.3333333333333333,0.5,2.8333333333333335,9.666666666666666,9.166666666666666,8.833333333333334,6.666666666666667,1.1666666666666667,1.3333333333333333,1.1666666666666667,1.0,0.5,8.166666666666666,54.0,0.16666666666666666,0.0,0.0,0.16666666666666666,0.0,0.5,0.16666666666666666,0.0,0.0,0.0,0.0,0.0,0.16666666666666666,0.0,0.0,0.16666666666666666,0.0,0.0,0.0,0.0,0.0,0.0,0.16666666666666666,0.5,0.16666666666666666,1.7333333333333334,0.6666666666666666,1.5,2.3333333333333335,0.0,0.0,0.0,0.0,1.0,0.0,0.8333333333333334
E00023574,0.0,52.0,1.0,4.0,3.0,2.0,3.0,2.0,2.0,2.0,3.0,2.0,2.0,2.0,3.0,1.0,2.0,2.0,0.0,3.0,10.0,8.0,10.0,3.0,1.0,1.0,1.0,1.0,1.0,9.0,54.0,0.0,0.0,0.0,0.0,0.0,1.0,0.0,0.0,0.0,0.0,0.0,0.0,0.0,0.0,0.0,0.0,0.0,0.0,0.0,0.0,0.0,0.0,0.0,1.0,0.0,1.8,0.0,1.0,2.0,0.0,1.0,0.0,0.0,0.0,0.0,0.0
E00023579,0.0,41.142857142857146,0.5714285714285714,3.2857142857142856,2.4285714285714284,2.5714285714285716,2.2857142857142856,2.0,2.5714285714285716,2.142857142857143,2.4285714285714284,2.2857142857142856,2.142857142857143,2.0,2.5714285714285716,1.4285714285714286,2.142857142857143,1.1428571428571428,0.0,3.0,9.285714285714286,8.142857142857142,8.428571428571429,3.7142857142857144,1.0,1.0,1.0,1.0,0.7142857142857143,8.142857142857142,36.0,0.0,0.0,0.0,0.2857142857142857,0.0,0.42857142857142855,0.2857142857142857,0.0,0.0,0.0,0.0,0.0,0.0,0.0,0.2857142857142857,0.42857142857142855,0.0,0.0,0.0,0.0,0.0,0.14285714285714285,0.0,0.14285714285714285,0.0,1.828571428571429,0.14285714285714285,0.7142857142857143,2.0,0.0,0.0,0.0,0.0,1.0,0.0,0.42857142857142855
E00023581,0.3333333333333333,35.0,0.5,4.5,4.833333333333333,4.0,4.5,4.666666666666667,4.5,4.0,2.8333333333333335,3.6666666666666665,4.5,1.3333333333333333,4.0,2.6666666666666665,1.0,1.0,0.0,2.8333333333333335,8.666666666666666,7.833333333333333,8.0,7.0,1.2,1.2,1.0,1.0,1.0,7.333333333333333,54.0,0.0,0.0,0.0,0.0,0.5,0.5,0.0,0.0,0.0,0.3333333333333333,0.3333333333333333,0.0,0.16666666666666666,0.0,0.0,0.16666666666666666,0.0,0.0,0.0,0.0,0.0,0.0,0.0,0.0,0.0,1.0333333333333334,1.8333333333333333,1.0,1.0,0.0,0.0,0.0,0.0,0.8333333333333334,0.16666666666666666,0.6666666666666666
E00023588,0.0,41.333333333333336,0.6666666666666666,3.6666666666666665,4.0,3.3333333333333335,3.6666666666666665,3.0,4.0,4.333333333333333,3.3333333333333335,3.6666666666666665,4.0,1.6666666666666667,3.3333333333333335,1.6666666666666667,4.0,1.3333333333333333,0.0,3.0,7.666666666666667,8.666666666666666,8.0,4.666666666666667,1.0,1.0,1.0,1.0,0.6666666666666666,7.333333333333333,46.333333333333336,0.0,0.0,0.0,0.0,0.0,1.0,0.0,0.0,0.0,0.0,0.0,0.0,0.0,0.0,0.0,0.0,0.0,0.0,0.0,0.0,0.0,0.3333333333333333,0.0,0.6666666666666666,0.0,3.533333333333333,1.0,1.3333333333333333,2.6666666666666665,0.0,0.3333333333333333,0.3333333333333333,0.0,0.3333333333333333,0.0,0.0
E00023589,1.0,47.0,0.0,4.0,5.0,,5.0,3.0,4.0,4.0,5.0,5.0,4.0,1.0,3.0,3.0,3.0,0.0,0.0,3.0,7.0,6.0,7.0,5.0,2.0,1.0,1.0,1.0,1.0,6.0,16.0,0.0,0.0,0.0,0.0,1.0,0.0,0.0,0.0,0.0,1.0,0.0,0.0,0.0,0.0,0.0,0.0,0.0,0.0,0.0,0.0,0.0,0.0,0.0,0.0,0.0,3.0,0.0,1.0,1.0,0.0,0.0,0.0,0.0,1.0,0.0,0.0
E00023595,0.0,29.333333333333332,0.6666666666666666,4.333333333333333,4.0,4.666666666666667,4.333333333333333,4.0,3.6666666666666665,3.6666666666666665,3.3333333333333335,3.6666666666666665,3.3333333333333335,1.6666666666666667,3.3333333333333335,3.3333333333333335,5.666666666666667,1.6666666666666667,0.0,3.0,7.0,6.0,8.0,5.0,1.0,1.0,1.0,1.0,1.0,8.333333333333334,18.333333333333332,0.0,0.0,0.0,0.0,0.0,0.3333333333333333,0.6666666666666666,0.0,0.0,0.3333333333333333,0.3333333333333333,0.0,0.0,0.0,0.0,0.0,0.0,0.0,0.0,0.0,0.0,0.0,0.0,0.3333333333333333,0.0,3.444444444444444,0.6666666666666666,0.6666666666666666,2.5,0.0,0.0,0.0,0.0,1.0,0.0,1.3333333333333333
E00023596,0.0,45.75,0.5,2.75,2.75,2.125,2.5,2.375,2.75,2.5,2.125,3.0,2.5,1.875,2.375,1.5,2.375,1.0,0.0,3.0,9.0,8.75,8.25,3.875,1.125,1.125,1.0,1.0,0.875,8.25,30.875,0.0,0.0,0.125,0.125,0.0,0.625,0.125,0.0,0.0,0.0,0.0,0.125,0.0,0.0,0.125,0.375,0.0,0.0,0.0,0.0,0.0,0.125,0.0,0.25,0.0,1.975,0.125,1.0,2.0,0.0,0.25,0.125,0.0,0.625,0.0,0.25
E00023599,0.0,50.0,0.5,2.0,2.5,2.0,2.5,2.5,2.5,3.0,2.0,2.0,2.0,2.0,2.0,3.0,2.0,1.5,0.0,2.5,8.0,8.5,8.5,3.5,1.0,1.5,1.0,1.0,0.5,8.0,17.0,0.0,0.0,0.0,1.0,0.0,0.0,0.0,0.0,0.0,0.0,0.0,0.0,0.0,0.0,0.5,0.0,0.0,0.0,0.0,0.0,0.0,0.0,0.0,0.5,0.0,1.8,0.0,1.0,2.0,0.0,0.0,0.0,0.0,0.5,0.5,1.0
E00023606,0.0,36.0,0.5,4.0,5.0,3.0,4.0,4.0,4.0,4.0,4.5,4.0,4.0,2.0,1.5,3.5,2.0,1.5,0.0,3.0,9.5,9.0,9.0,5.0,1.5,1.0,1.0,1.0,1.0,9.0,54.0,0.0,0.0,0.0,0.0,0.0,1.0,0.0,0.0,0.0,0.0,0.0,0.0,0.0,0.0,0.0,0.0,0.0,0.0,0.0,0.0,0.0,0.0,0.0,1.0,0.0,2.8,0.0,1.0,2.0,0.0,0.0,0.5,0.0,0.5,0.0,1.5
E00023611,0.0,26.0,0.0,4.4,4.4,3.6,4.6,4.0,4.4,4.2,4.2,4.2,4.4,1.8,2.4,2.6,2.0,1.6666666666666667,0.0,3.0,8.6,8.4,8.4,5.0,1.0,1.0,1.2,1.0,0.8,7.0,54.0,0.0,0.0,0.0,0.0,0.4,0.6,0.0,0.0,0.0,0.0,0.0,0.0,0.0,0.0,0.0,0.0,0.4,0.0,0.0,0.0,0.0,0.2,0.0,0.4,0.2,2.62,0.0,1.0,2.0,0.0,0.0,0.0,0.0,1.0,0.0,0.6
E00023615,0.2,50.5,0.4,4.4,4.4,3.5,4.2,4.0,4.2,4.6,4.0,4.2,4.0,2.0,2.4,3.0,1.8,0.8,0.0,2.6,9.2,9.4,8.8,5.4,1.6,1.2,1.6,1.0,0.8,7.2,54.0,0.0,0.0,0.0,0.2,0.4,0.4,0.0,0.0,0.0,0.0,0.2,0.0,0.0,0.0,0.0,0.2,0.2,0.0,0.0,0.0,0.0,0.0,0.0,0.4,1.0,2.41,0.0,1.2,2.1,0.0,0.0,0.2,0.0,0.8,0.0,0.4
E00023616,0.0,,1.0,4.0,4.0,4.0,4.0,4.0,5.0,4.0,4.0,4.0,4.0,2.0,2.0,3.0,1.0,,0.0,3.0,10.0,9.0,9.0,4.0,1.0,1.0,1.0,1.0,1.0,9.0,17.0,0.0,0.0,0.0,0.0,0.0,0.0,1.0,0.0,0.0,0.0,0.0,0.0,0.0,0.0,0.0,0.0,0.0,0.0,0.0,0.0,0.0,0.0,0.0,1.0,0.0,2.6,0.0,1.0,2.0,0.0,0.0,0.0,0.0,1.0,0.0,0.0
E00023617,0.2857142857142857,48.25,0.7142857142857143,2.5714285714285716,2.5714285714285716,2.5,3.142857142857143,2.0,2.7142857142857144,3.0,2.5714285714285716,2.7142857142857144,2.5714285714285716,1.8571428571428572,2.857142857142857,2.0,2.4285714285714284,0.2857142857142857,0.0,3.0,9.142857142857142,9.0,8.714285714285714,2.142857142857143,1.1428571428571428,1.0,1.1428571428571428,0.8571428571428571,0.2857142857142857,7.428571428571429,15.0,0.14285714285714285,0.0,0.14285714285714285,0.0,0.0,0.5714285714285714,0.0,0.0,0.2857142857142857,0.14285714285714285,0.0,0.0,0.0,0.2857142857142857,0.0,0.0,0.0,0.0,0.0,0.0,0.14285714285714285,0.0,0.0,0.14285714285714285,0.0,2.314285714285714,0.14285714285714285,1.5714285714285714,1.9166666666666667,0.0,0.42857142857142855,0.0,0.0,0.5714285714285714,0.0,0.2857142857142857
E00023628,0.0,30.0,0.0,3.5,3.5,2.5,3.5,1.0,4.0,4.0,3.5,4.5,1.0,1.5,3.0,2.0,2.0,0.0,0.0,3.0,9.0,9.0,8.0,2.5,1.5,1.5,1.0,1.0,0.5,7.5,16.0,0.0,0.0,0.0,0.0,0.0,0.5,0.5,0.0,0.0,0.0,0.0,0.0,0.0,0.0,0.0,0.0,0.0,0.0,0.0,0.0,0.5,0.0,0.0,0.5,0.0,1.5,1.0,1.0,3.0,0.5,0.0,0.0,0.0,0.5,0.0,0.0
E00023629,0.0,58.0,0.0,5.0,5.0,,5.0,3.0,4.0,4.0,4.0,4.0,2.0,1.0,4.0,3.0,2.0,3.0,0.0,3.0,8.0,8.0,8.0,8.0,1.0,1.0,1.0,1.0,0.0,8.0,2.0,0.0,0.0,0.0,0.0,0.0,0.0,0.0,0.0,0.0,0.0,0.0,0.0,0.0,0.0,0.0,0.0,0.0,0.0,0.0,0.0,0.0,1.0,0.0,0.0,0.0,1.0,0.0,1.0,2.0,0.0,0.0,0.0,0.0,1.0,0.0,1.0
E00023631,0.0,45.333333333333336,0.6666666666666666,3.0,4.0,3.75,3.3333333333333335,1.6,3.3333333333333335,4.0,3.6666666666666665,3.5,3.0,1.1666666666666667,4.0,1.8333333333333333,2.3333333333333335,0.16666666666666666,0.0,2.6666666666666665,8.833333333333334,9.0,9.166666666666666,4.833333333333333,1.5,1.1666666666666667,1.1666666666666667,1.0,0.6666666666666666,6.666666666666667,16.0,0.16666666666666666,0.0,0.16666666666666666,0.0,0.0,0.6666666666666666,0.0,0.0,0.16666666666666666,0.0,0.0,0.0,0.0,0.0,0.0,0.0,0.0,0.0,0.16666666666666666,0.0,0.0,0.0,0.0,0.6666666666666666,0.16666666666666666,2.3899999999999997,0.5,0.8333333333333334,3.25,0.3333333333333333,0.16666666666666666,0.0,0.0,0.5,0.0,0.3333333333333333
E00023634,0.0,39.166666666666664,0.5,4.0,4.5,2.4,3.5,1.4,2.3333333333333335,3.0,3.6666666666666665,4.5,3.3333333333333335,1.5,4.0,1.5,3.8333333333333335,0.8333333333333334,0.0,3.0,7.666666666666667,8.5,8.166666666666666,7.833333333333333,1.5,1.5,1.5,1.0,0.6666666666666666,7.833333333333333,6.0,0.0,0.0,0.16666666666666666,0.0,0.0,0.5,0.3333333333333333,0.0,0.3333333333333333,0.0,0.0,0.0,0.16666666666666666,0.0,0.0,0.0,0.0,0.0,0.0,0.0,0.0,0.0,0.0,0.5,0.0,1.6333333333333335,0.8333333333333334,0.6666666666666666,2.0,0.3333333333333333,0.3333333333333333,0.0,0.0,0.3333333333333333,0.0,0.0
E00023640,0.0,55.0,1.0,3.0,4.0,3.0,4.0,2.0,4.0,5.0,5.0,4.0,2.0,1.0,4.0,1.0,2.0,0.0,0.0,3.0,9.0,8.0,9.0,7.0,1.0,1.0,1.0,1.0,1.0,9.0,16.0,0.0,0.0,0.0,0.0,0.0,1.0,0.0,0.0,0.0,0.0,0.0,0.0,0.0,0.0,0.0,0.0,0.0,0.0,0.0,0.0,0.0,0.0,0.0,1.0,0.0,1.0,2.0,1.0,2.0,0.0,0.0,1.0,0.0,0.0,0.0,0.0
E00023646,0.0,20.0,0.0,1.25,1.25,2.0,1.75,2.0,2.5,2.5,2.0,2.25,2.25,2.25,2.75,2.5,2.25,0.0,0.0,3.0,8.5,8.0,7.75,3.5,1.25,1.25,1.25,1.0,0.75,7.5,35.5,0.0,0.0,0.0,0.0,0.25,0.5,0.0,0.0,0.0,0.0,0.0,0.0,0.25,0.25,0.0,0.0,0.0,0.0,0.0,0.0,0.0,0.0,0.0,0.5,0.0,2.25,0.0,1.25,3.0,0.0,0.25,0.25,0.0,0.5,0.0,0.0
E00023647,0.0,47.333333333333336,1.0,3.0,2.6666666666666665,1.0,2.6666666666666665,2.0,1.6666666666666667,2.3333333333333335,1.6666666666666667,2.0,2.0,1.6666666666666667,2.6666666666666665,2.3333333333333335,3.0,0.0,0.0,3.0,9.333333333333334,9.0,9.0,3.0,1.0,1.0,1.0,1.0,1.0,8.666666666666666,16.0,0.3333333333333333,0.0,0.0,0.0,0.0,0.3333333333333333,0.3333333333333333,0.0,0.0,0.0,0.6666666666666666,0.0,0.0,0.0,0.0,0.0,0.0,0.0,0.0,0.0,0.0,0.0,0.0,0.3333333333333333,0.0,1.6666666666666667,0.0,1.6666666666666667,1.0,0.0,0.0,0.3333333333333333,0.0,0.6666666666666666,0.0,0.0
E00023651,1.0,,1.0,3.0,3.0,3.0,3.0,1.0,3.0,3.0,2.0,3.0,3.0,5.0,2.0,3.0,4.0,0.0,0.0,3.0,6.0,6.0,6.0,1.0,1.0,1.0,1.0,1.0,0.0,6.0,16.0,1.0,0.0,0.0,0.0,0.0,0.0,0.0,0.0,0.0,0.0,0.0,0.0,0.0,1.0,0.0,0.0,0.0,0.0,0.0,0.0,0.0,0.0,0.0,0.0,0.0,2.0,0.0,3.0,5.0,0.0,0.0,0.0,0.0,1.0,0.0,0.0
E00023653,0.0,25.666666666666668,0.4,2.0,2.4,2.25,2.6,2.0,2.4,2.6,2.0,2.6,2.0,1.6,3.0,2.0,2.0,0.0,0.0,3.0,9.8,10.0,9.2,3.6,1.2,1.2,1.2,1.0,0.6,6.8,15.0,0.2,0.0,0.0,0.0,0.0,0.8,0.0,0.0,0.2,0.0,0.0,0.0,0.2,0.0,0.0,0.0,0.0,0.2,0.0,0.0,0.0,0.0,0.0,0.4,0.0,1.8,0.0,1.2,1.3333333333333333,0.0,0.0,0.0,0.0,1.0,0.0,0.0
E00023655,0.5,54.0,0.5,2.0,1.5,2.0,2.0,2.0,2.0,2.0,1.5,2.0,2.0,1.5,2.5,2.0,4.5,0.0,0.0,3.0,9.5,9.0,8.5,2.0,1.0,1.0,1.0,1.0,1.0,8.0,16.0,0.0,0.0,0.5,0.0,0.0,0.5,0.0,0.0,0.0,0.0,0.0,0.0,0.0,1.0,0.0,0.0,0.0,0.0,0.0,0.0,0.0,0.0,0.0,0.0,0.0,1.8,0.0,1.5,1.0,0.0,0.0,0.5,0.0,0.5,0.0,0.0
E00023658,0.0,53.0,1.0,5.0,5.0,5.0,5.0,5.0,5.0,5.0,5.0,5.0,5.0,2.5,3.5,4.5,2.0,0.0,0.0,3.0,7.0,8.0,6.5,7.5,1.0,1.0,1.0,0.5,1.0,7.0,2.0,0.0,0.0,0.5,0.0,0.0,0.5,0.0,0.0,0.0,0.0,0.0,0.0,0.0,0.0,0.0,0.0,0.0,0.0,0.0,0.0,0.0,0.0,0.0,1.0,0.0,2.7,1.5,0.5,2.0,0.0,0.0,0.0,0.0,1.0,0.0,0.0
E00023660,0.0,48.0,0.2,5.0,4.8,5.0,4.4,5.0,4.8,5.0,5.0,5.0,5.0,4.8,3.25,3.6,2.0,0.2,0.0,3.0,7.0,7.4,7.8,7.8,1.4,1.2,1.0,1.0,1.0,9.0,4.8,0.0,0.0,0.0,0.0,0.2,0.6,0.2,0.0,0.0,0.0,0.0,0.0,0.0,0.0,0.0,0.0,0.0,0.0,0.0,0.0,0.0,0.0,0.0,1.0,0.0,2.6399999999999997,1.4,1.0,1.4,0.0,0.0,0.0,0.0,1.0,0.0,0.4
E00023664,0.0,42.0,1.0,5.0,5.0,5.0,5.0,5.0,5.0,5.0,5.0,5.0,5.0,2.0,3.5,4.5,2.5,0.5,0.0,3.0,9.5,8.0,8.0,8.0,1.0,1.0,1.0,1.0,1.0,8.0,1.5,0.0,0.0,0.0,0.0,0.0,1.0,0.0,0.0,0.0,0.0,0.0,0.0,0.0,0.0,0.0,0.5,0.0,0.0,0.0,0.0,0.0,0.0,0.0,0.5,0.0,2.5,1.5,1.5,2.0,0.0,0.0,0.5,0.0,0.5,0.0,0.0
E00023665,0.0,44.2,0.4,5.0,5.0,5.0,4.4,5.0,5.0,5.0,5.0,4.8,5.0,2.6,3.0,3.6,2.2,0.2,0.0,3.0,7.4,7.0,6.4,7.2,1.3333333333333333,1.5,1.8,1.0,1.0,9.0,13.4,0.0,0.0,0.2,0.0,0.2,0.4,0.2,0.0,0.0,0.0,0.0,0.0,0.0,0.0,0.0,0.0,0.0,0.0,0.0,0.0,0.0,0.0,0.0,1.0,0.2,2.3600000000000003,1.4,1.2,1.625,0.0,0.0,0.0,0.0,1.0,0.0,0.4
E00023666,0.0,39.0,1.0,5.0,5.0,5.0,5.0,5.0,5.0,5.0,5.0,5.0,5.0,2.0,3.0,3.0,4.0,1.0,0.0,3.0,7.0,10.0,9.0,7.0,1.0,1.0,1.0,1.0,1.0,7.0,2.0,0.0,0.0,0.0,0.0,0.0,1.0,0.0,0.0,0.0,0.0,0.0,0.0,0.0,0.0,0.0,1.0,0.0,0.0,0.0,0.0,0.0,0.0,0.0,0.0,0.0,2.0,1.0,1.0,1.0,0.0,0.0,0.0,0.0,1.0,0.0,0.0
E00023672,0.125,49.0,0.5,2.875,2.125,3.25,2.5,2.875,2.75,2.75,2.5,2.75,2.875,2.125,3.125,2.375,2.375,0.625,0.0,3.0,9.125,7.625,8.125,3.625,1.25,1.125,1.375,1.0,0.875,6.875,16.0,0.0,0.0,0.125,0.0,0.0,0.625,0.25,0.0,0.0,0.0,0.0,0.0,0.0,0.0,0.125,0.125,0.0,0.0,0.25,0.0,0.0,0.0,0.0,0.5,0.125,1.8000000000000003,0.375,1.0,2.4285714285714284,0.0,0.125,0.125,0.0,0.5,0.25,2.25
E00023675,0.0,31.5,0.5,5.0,5.0,5.0,5.0,5.0,5.0,5.0,5.0,5.0,5.0,2.0,3.0,4.5,2.5,0.0,0.0,3.0,8.0,8.0,8.0,7.5,1.0,1.0,1.0,1.0,1.0,7.0,61.0,0.0,0.0,0.0,0.0,0.0,1.0,0.0,0.0,0.0,0.0,0.0,0.0,0.0,0.5,0.0,0.5,0.0,0.0,0.0,0.0,0.0,0.0,0.0,0.0,0.0,2.9,1.0,1.0,1.0,0.0,0.0,0.0,0.5,0.5,0.0,0.0
E00023676,0.0,52.0,0.6,5.0,5.0,5.0,5.0,5.0,5.0,5.0,5.0,5.0,5.0,3.2,3.2,4.8,2.2,0.0,0.0,3.0,8.4,8.6,8.2,7.4,1.0,1.2,1.0,0.8,1.0,8.2,21.2,0.0,0.0,0.2,0.0,0.2,0.6,0.0,0.0,0.0,0.0,0.0,0.0,0.0,0.0,0.0,0.4,0.0,0.0,0.0,0.0,0.0,0.0,0.0,0.6,0.0,2.56,1.0,1.6,1.6,0.0,0.0,0.0,0.0,1.0,0.0,0.0
E00023678,0.0,60.0,0.0,1.0,5.0,1.0,5.0,1.0,3.0,3.0,4.0,4.0,1.0,1.0,2.0,1.0,2.0,0.0,1.0,3.0,11.0,11.0,11.0,1.0,1.0,1.0,1.0,1.0,1.0,9.0,16.0,0.0,0.0,0.0,0.0,0.0,1.0,0.0,0.0,0.0,0.0,0.0,0.0,0.0,0.0,0.0,0.0,0.0,0.0,0.0,0.0,0.0,0.0,0.0,1.0,0.0,3.0,2.0,1.0,1.0,0.0,1.0,0.0,0.0,0.0,0.0,0.0
E00023681,0.0,39.4,0.4,5.0,4.6,5.0,5.0,4.6,4.8,5.0,5.0,4.8,5.0,3.6,3.0,3.4,2.6,0.6,0.0,3.0,9.6,8.4,9.8,9.6,1.0,1.0,1.0,1.0,1.0,8.4,8.6,0.0,0.0,0.0,0.0,0.2,0.8,0.0,0.0,0.0,0.0,0.0,0.0,0.0,0.0,0.0,0.2,0.0,0.0,0.0,0.0,0.0,0.0,0.0,0.6,0.0,2.2800000000000002,1.2,0.8,1.75,0.0,0.0,0.2,0.2,0.6,0.0,0.0
E00023688,0.0,67.0,1.0,5.0,5.0,5.0,5.0,5.0,5.0,5.0,5.0,5.0,5.0,2.0,3.0,6.0,2.0,0.0,0.0,3.0,7.0,7.0,7.0,7.0,1.0,1.0,1.0,1.0,1.0,7.0,1.0,0.0,0.0,1.0,0.0,0.0,0.0,0.0,0.0,0.0,0.0,0.0,0.0,0.0,0.0,0.0,0.0,0.0,0.0,0.0,0.0,0.0,0.0,0.0,1.0,0.0,2.0,2.0,1.0,2.0,0.0,0.0,0.0,0.0,1.0,0.0,0.0
E00023695,0.0,50.714285714285715,0.42857142857142855,4.428571428571429,4.142857142857143,4.2,3.857142857142857,2.4285714285714284,4.0,3.857142857142857,4.0,4.142857142857143,4.0,1.4285714285714286,3.857142857142857,2.0,2.142857142857143,0.2857142857142857,0.14285714285714285,3.0,9.571428571428571,9.857142857142858,9.285714285714286,3.7142857142857144,1.4285714285714286,1.4285714285714286,1.5714285714285714,1.0,0.8571428571428571,7.285714285714286,16.0,0.0,0.0,0.0,0.0,0.0,0.7142857142857143,0.14285714285714285,0.0,0.0,0.0,0.0,0.14285714285714285,0.14285714285714285,0.0,0.14285714285714285,0.0,0.0,0.0,0.0,0.0,0.0,0.0,0.0,0.5714285714285714,0.0,3.0523809523809526,0.2857142857142857,1.2857142857142858,2.0,0.0,0.2857142857142857,0.42857142857142855,0.0,0.2857142857142857,0.0,0.0
E00023698,0.0,38.0,0.0,5.0,5.0,5.0,5.0,5.0,5.0,5.0,5.0,5.0,5.0,7.0,3.0,6.0,2.0,0.0,0.0,3.0,8.0,8.0,8.0,9.0,1.0,1.0,1.0,1.0,1.0,7.0,16.0,0.0,0.0,0.0,0.0,0.0,1.0,0.0,0.0,0.0,0.0,0.0,0.0,0.0,0.0,0.0,0.0,0.0,0.0,0.0,0.0,0.0,0.0,0.0,1.0,0.0,2.6,1.0,1.0,2.0,0.0,0.0,0.0,1.0,0.0,0.0,0.0
E00023699,0.0,49.333333333333336,0.5714285714285714,4.285714285714286,4.0,3.75,4.5,2.8,4.142857142857143,4.285714285714286,3.857142857142857,3.7142857142857144,3.7142857142857144,1.4285714285714286,3.4285714285714284,2.142857142857143,2.4285714285714284,0.0,0.0,3.0,9.428571428571429,9.428571428571429,9.0,4.428571428571429,1.2857142857142858,1.0,1.4285714285714286,1.0,0.8571428571428571,8.0,14.0,0.14285714285714285,0.0,0.2857142857142857,0.0,0.0,0.5714285714285714,0.0,0.0,0.0,0.0,0.0,0.14285714285714285,0.0,0.0,0.0,0.0,0.0,0.0,0.14285714285714285,0.0,0.0,0.0,0.0,0.7142857142857143,0.14285714285714285,2.8500000000000005,0.7142857142857143,1.4285714285714286,2.0,0.0,0.2857142857142857,0.42857142857142855,0.0,0.2857142857142857,0.0,0.14285714285714285
E00023702,0.0,34.5,0.5,4.5,4.0,3.0,4.5,,4.5,5.0,5.0,5.0,5.0,1.0,3.5,3.0,3.5,0.5,0.0,3.0,9.0,7.5,9.0,4.5,1.0,1.0,1.0,1.0,0.5,6.0,16.0,0.0,0.0,0.0,0.0,0.0,0.5,0.5,0.0,0.0,0.0,0.0,0.0,0.0,0.0,0.5,0.0,0.0,0.0,0.0,0.0,0.0,0.0,0.5,0.0,1.0,3.125,0.0,1.0,2.0,0.0,0.0,0.5,0.0,0.5,0.0,0.5
E00023707,0.0,41.8,0.6,5.0,5.0,5.0,4.8,5.0,5.0,5.0,5.0,5.0,5.0,2.4,3.0,3.4,2.2,0.0,0.0,3.0,8.2,8.4,8.4,8.4,1.0,1.2,1.2,1.0,0.8,7.6,43.2,0.0,0.0,0.0,0.0,0.4,0.4,0.2,0.0,0.0,0.0,0.0,0.0,0.0,0.0,0.0,0.2,0.0,0.0,0.0,0.0,0.0,0.0,0.0,0.8,0.0,2.6,1.2,1.6,1.875,0.0,0.0,0.0,0.2,0.8,0.0,1.6
E00023709,0.0,43.0,0.0,5.0,5.0,5.0,5.0,5.0,5.0,5.0,5.0,5.0,5.0,2.0,3.0,3.0,2.0,0.0,0.0,3.0,8.0,7.0,9.0,8.0,1.0,1.0,1.0,1.0,1.0,7.0,54.0,0.0,0.0,0.0,0.0,0.0,1.0,0.0,0.0,0.0,0.0,0.0,0.0,0.0,0.0,0.0,0.0,0.0,1.0,0.0,0.0,0.0,0.0,0.0,0.0,0.0,2.4,1.0,1.0,1.0,0.0,0.0,0.0,0.0,1.0,0.0,0.0
E00023711,0.0,54.6,0.6,5.0,5.0,5.0,4.8,5.0,5.0,5.0,5.0,5.0,5.0,3.2,3.2,3.6,2.2,0.4,0.0,3.0,8.4,8.2,7.8,8.2,1.0,1.0,1.0,1.0,1.0,8.2,38.4,0.0,0.0,0.4,0.0,0.2,0.4,0.0,0.0,0.0,0.0,0.0,0.0,0.0,0.2,0.0,0.2,0.0,0.2,0.0,0.0,0.0,0.0,0.0,0.4,0.0,2.12,0.8,1.2,1.25,0.0,0.0,0.0,0.0,1.0,0.0,0.0
E00023715,0.0,20.0,0.0,5.0,5.0,,4.0,4.0,5.0,4.0,5.0,4.0,5.0,3.0,3.0,3.0,4.0,0.0,0.0,3.0,7.0,8.0,7.0,10.0,1.0,1.0,1.0,1.0,1.0,9.0,46.0,0.0,0.0,0.0,0.0,1.0,0.0,0.0,0.0,0.0,0.0,0.0,0.0,0.0,1.0,0.0,0.0,0.0,0.0,0.0,0.0,0.0,0.0,0.0,0.0,0.0,2.2,1.0,1.0,2.0,0.0,0.0,0.0,0.0,1.0,0.0,0.0
E00023721,0.0,43.0,1.0,5.0,5.0,5.0,5.0,5.0,5.0,5.0,5.0,5.0,5.0,2.0,2.0,3.0,3.0,1.0,0.0,3.0,8.0,7.0,9.0,8.0,1.0,1.0,1.0,1.0,1.0,7.0,16.0,0.0,0.0,0.0,0.0,0.0,1.0,0.0,0.0,0.0,0.0,0.0,0.0,0.0,0.0,0.0,0.0,0.0,0.0,0.0,0.0,0.0,0.0,0.0,1.0,0.0,3.0,1.0,0.0,,0.0,0.0,0.0,1.0,0.0,0.0,0.0
E00023727,0.0,22.0,0.0,5.0,4.0,,5.0,5.0,5.0,5.0,5.0,5.0,5.0,2.0,3.0,3.0,4.0,2.0,0.0,3.0,9.0,7.0,8.0,9.0,1.0,1.0,1.0,1.0,1.0,9.0,16.0,0.0,0.0,0.0,0.0,1.0,0.0,0.0,0.0,0.0,0.0,0.0,0.0,0.0,0.0,0.0,0.0,0.0,0.0,0.0,0.0,0.0,0.0,0.0,1.0,0.0,2.0,1.0,1.0,2.0,0.0,0.0,0.0,0.0,1.0,0.0,0.0
E00023729,0.0,47.0,0.0,5.0,4.0,4.0,5.0,5.0,4.0,5.0,4.0,4.0,4.0,1.0,4.0,2.0,2.0,2.0,0.0,3.0,10.0,9.0,9.0,6.0,1.0,2.0,1.0,1.0,1.0,9.0,16.0,0.0,0.0,0.0,0.0,0.0,1.0,0.0,0.0,0.0,0.0,0.0,0.0,0.0,0.0,0.0,0.0,0.0,0.0,0.0,0.0,0.0,0.0,0.0,1.0,0.0,3.2,1.0,1.0,2.0,0.0,0.0,1.0,0.0,0.0,0.0,1.0
E00023731,0.0,47.4,0.6,5.0,5.0,5.0,5.0,5.0,5.0,5.0,5.0,5.0,5.0,4.6,3.2,3.0,2.4,0.0,0.0,3.0,8.0,8.8,8.2,8.2,1.0,1.2,1.0,1.2,1.0,7.2,15.0,0.0,0.0,0.2,0.0,0.0,0.8,0.0,0.0,0.0,0.0,0.0,0.0,0.0,0.0,0.2,0.4,0.0,0.2,0.0,0.0,0.0,0.0,0.0,0.2,0.0,2.4,1.4,1.2,1.8,0.0,0.0,0.2,0.0,0.8,0.0,0.0
E00023734,0.0,38.0,0.5,2.375,2.375,1.5,2.25,1.75,1.5,1.75,1.625,1.875,1.625,2.125,3.25,2.0,2.0,0.125,0.125,3.0,9.375,9.375,9.375,2.375,1.0,1.0,1.0,1.0,0.625,6.75,15.0,0.25,0.0,0.0,0.0,0.0,0.5,0.25,0.0,0.0,0.0,0.0,0.25,0.0,0.125,0.0,0.0,0.0,0.0,0.0,0.0,0.125,0.0,0.0,0.5,0.0,2.2857142857142856,0.75,0.75,1.8333333333333333,0.0,0.375,0.0,0.0,0.625,0.0,0.0
E00023744,0.0,43.666666666666664,0.3333333333333333,4.5,4.166666666666667,4.5,4.0,4.4,4.166666666666667,4.166666666666667,4.5,4.166666666666667,4.666666666666667,1.0,3.0,2.5,2.0,0.16666666666666666,0.16666666666666666,3.0,9.166666666666666,9.0,9.166666666666666,6.0,1.6666666666666667,1.6666666666666667,1.6666666666666667,1.0,1.0,8.166666666666666,6.833333333333333,0.0,0.0,0.0,0.0,0.0,1.0,0.0,0.0,0.0,0.0,0.0,0.0,0.0,0.0,0.0,0.0,0.0,0.0,0.0,0.0,0.0,0.0,0.0,0.8333333333333334,0.8333333333333334,2.441666666666667,0.5,1.6666666666666667,2.2,0.0,0.0,0.5,0.0,0.5,0.0,0.6666666666666666
E00023745,0.0,60.333333333333336,0.3333333333333333,4.333333333333333,4.333333333333333,4.666666666666667,3.6666666666666665,3.3333333333333335,4.333333333333333,4.0,4.333333333333333,4.0,4.333333333333333,1.3333333333333333,2.6666666666666665,2.0,2.6666666666666665,0.6666666666666666,0.3333333333333333,2.6666666666666665,8.666666666666666,8.333333333333334,8.666666666666666,7.333333333333333,1.6666666666666667,1.3333333333333333,1.0,1.0,1.0,7.666666666666667,2.0,0.0,0.0,0.3333333333333333,0.3333333333333333,0.0,0.3333333333333333,0.0,0.0,0.0,0.0,0.0,0.0,0.0,0.0,0.0,0.0,0.0,0.0,0.0,0.0,0.0,0.0,0.0,1.0,0.6666666666666666,2.783333333333333,0.0,1.3333333333333333,2.0,0.0,0.6666666666666666,0.3333333333333333,0.0,0.0,0.0,0.3333333333333333
E00023753,0.0,43.2,0.6666666666666666,2.1666666666666665,2.5,2.3333333333333335,2.6666666666666665,2.0,2.0,2.5,2.5,2.6666666666666665,2.3333333333333335,2.5,2.8333333333333335,1.8333333333333333,1.5,0.0,0.0,3.0,9.666666666666666,9.166666666666666,9.333333333333334,3.3333333333333335,1.0,1.0,1.0,0.8333333333333334,0.6666666666666666,7.0,16.0,0.16666666666666666,0.0,0.16666666666666666,0.0,0.0,0.5,0.16666666666666666,0.0,0.16666666666666666,0.16666666666666666,0.0,0.0,0.0,0.16666666666666666,0.0,0.0,0.0,0.0,0.0,0.0,0.0,0.0,0.0,0.5,0.0,2.0,0.0,1.3333333333333333,2.6,0.0,0.6666666666666666,0.0,0.0,0.3333333333333333,0.0,0.0
E00023755,0.0,43.666666666666664,0.6666666666666666,5.0,5.0,5.0,4.0,4.666666666666667,4.666666666666667,4.333333333333333,5.0,4.0,4.333333333333333,1.0,3.3333333333333335,2.6666666666666665,2.0,1.0,1.0,3.0,8.0,8.666666666666666,8.666666666666666,8.0,1.6666666666666667,1.3333333333333333,1.6666666666666667,1.0,1.0,6.666666666666667,2.0,0.0,0.0,0.0,0.0,0.0,1.0,0.0,0.0,0.0,0.0,0.0,0.0,0.0,0.0,0.0,0.0,0.0,0.3333333333333333,0.3333333333333333,0.0,0.0,0.0,0.3333333333333333,0.0,1.3333333333333333,3.0666666666666664,0.0,1.0,2.0,0.0,0.0,0.3333333333333333,0.0,0.3333333333333333,0.3333333333333333,1.6666666666666667
E00023756,0.0,34.666666666666664,1.0,4.75,4.5,4.333333333333333,4.5,,4.0,4.25,4.0,4.25,4.0,2.0,2.0,3.0,2.0,1.0,0.0,3.0,9.5,9.0,8.5,5.0,1.0,1.0,1.0,1.0,1.0,8.0,54.0,0.25,0.0,0.0,0.0,0.0,0.5,0.25,0.0,0.0,0.0,0.0,0.0,0.0,0.0,0.0,0.0,0.0,0.0,0.0,0.0,0.0,0.0,0.0,1.0,0.0,2.55,0.0,1.25,2.125,0.0,0.0,0.0,0.0,1.0,0.0,0.75
E00023758,0.0,48.4,0.4,5.0,5.0,5.0,5.0,5.0,5.0,4.8,4.8,5.0,4.8,3.0,2.8,4.4,2.2,0.2,0.0,3.0,7.6,8.8,7.8,7.4,1.0,1.2,1.0,1.0,1.0,7.8,2.0,0.0,0.0,0.2,0.0,0.4,0.4,0.0,0.0,0.0,0.0,0.0,0.0,0.0,0.0,0.0,0.2,0.0,0.0,0.0,0.0,0.0,0.0,0.0,0.8,0.0,2.76,1.0,1.2,2.0,0.0,0.0,0.0,0.6,0.4,0.0,0.4
E00023759,0.0,54.333333333333336,0.0,5.0,5.0,5.0,5.0,4.666666666666667,5.0,4.666666666666667,5.0,4.666666666666667,5.0,1.6666666666666667,3.6666666666666665,2.3333333333333335,3.0,1.0,0.0,3.0,9.0,9.333333333333334,8.666666666666666,8.0,1.0,1.3333333333333333,1.0,1.0,1.0,8.666666666666666,1.3333333333333333,0.0,0.0,0.3333333333333333,0.0,0.0,0.6666666666666666,0.0,0.0,0.0,0.0,0.0,0.0,0.3333333333333333,0.0,0.0,0.0,0.0,0.0,0.0,0.0,0.0,0.0,0.0,0.6666666666666666,0.0,2.533333333333333,0.6666666666666666,0.6666666666666666,2.0,0.0,0.0,0.6666666666666666,0.0,0.3333333333333333,0.0,0.0
E00023763,0.0,34.5,0.5,5.0,5.0,5.0,5.0,5.0,5.0,5.0,5.0,5.0,5.0,4.5,3.0,4.5,2.5,0.5,0.0,3.0,8.0,9.0,7.5,8.0,1.0,1.0,1.0,1.0,1.0,6.5,45.0,0.0,0.0,0.0,0.0,0.0,1.0,0.0,0.0,0.0,0.0,0.0,0.0,0.0,0.0,0.5,0.0,0.0,0.0,0.0,0.0,0.0,0.0,0.0,0.5,0.0,2.1,1.0,0.5,1.0,0.0,0.0,0.0,0.0,1.0,0.0,0.0
E00023782,0.0,45.25,0.375,4.875,4.0,3.6666666666666665,4.375,2.625,4.125,4.25,4.375,3.875,4.0,1.0,3.5,2.125,2.5,0.375,0.0,3.0,9.875,9.75,9.625,3.5,1.625,1.875,1.625,1.125,0.75,7.875,16.0,0.125,0.0,0.125,0.0,0.0,0.625,0.125,0.0,0.0,0.0,0.0,0.0,0.0,0.125,0.0,0.0,0.0,0.0,0.0,0.0,0.125,0.0,0.0,0.75,0.125,3.375,0.375,1.25,2.125,0.0,0.25,0.375,0.0,0.375,0.0,0.125
E00023784,0.0,41.0,1.0,1.0,1.0,1.0,1.0,1.0,1.0,1.0,1.0,1.0,1.0,1.0,1.0,1.0,2.0,1.0,0.0,3.0,11.0,11.0,11.0,1.0,1.0,1.0,1.0,1.0,1.0,6.0,15.0,0.0,0.0,0.0,0.0,0.0,1.0,0.0,0.0,0.0,0.0,0.0,0.0,0.0,0.0,0.0,0.0,0.0,0.0,0.0,0.0,0.0,0.0,1.0,0.0,0.0,1.0,1.0,0.0,,0.0,1.0,0.0,0.0,0.0,0.0,0.0
E00023785,0.2,48.0,0.6,3.8,4.4,4.666666666666667,5.0,2.2,4.0,3.8,1.8,2.6,2.6,1.0,3.0,2.4,2.4,0.2,0.0,3.0,9.8,9.6,8.2,5.2,1.0,1.4,1.2,1.0,0.6,7.2,15.0,0.2,0.0,0.2,0.0,0.0,0.6,0.0,0.0,0.0,0.4,0.0,0.0,0.2,0.0,0.0,0.0,0.0,0.0,0.0,0.0,0.0,0.0,0.2,0.2,0.0,1.24,1.6,0.6,1.0,0.0,0.0,0.2,0.0,0.8,0.0,0.2
E00023790,0.2857142857142857,32.4,0.42857142857142855,5.0,5.0,5.0,4.857142857142857,4.333333333333333,5.0,5.0,4.428571428571429,4.714285714285714,4.571428571428571,1.4285714285714286,2.857142857142857,2.142857142857143,1.8571428571428572,0.8571428571428571,0.14285714285714285,2.857142857142857,10.0,9.285714285714286,9.428571428571429,3.857142857142857,1.1666666666666667,1.0,1.0,1.0,0.8571428571428571,6.833333333333333,54.0,0.2857142857142857,0.0,0.14285714285714285,0.0,0.0,0.5714285714285714,0.0,0.0,0.0,0.2857142857142857,0.0,0.0,0.14285714285714285,0.14285714285714285,0.14285714285714285,0.0,0.0,0.0,0.0,0.0,0.0,0.14285714285714285,0.0,0.14285714285714285,0.14285714285714285,1.0571428571428572,0.2857142857142857,2.4285714285714284,1.0,0.0,0.14285714285714285,0.0,0.0,0.8571428571428571,0.0,0.14285714285714285
E00023795,0.0,42.666666666666664,0.3333333333333333,5.0,5.0,5.0,5.0,5.0,5.0,5.0,5.0,5.0,5.0,2.0,3.0,4.333333333333333,3.0,0.6666666666666666,0.0,3.0,7.333333333333333,8.666666666666666,7.333333333333333,8.0,1.6666666666666667,1.6666666666666667,1.6666666666666667,1.0,1.0,7.333333333333333,28.0,0.0,0.0,0.0,0.0,0.3333333333333333,0.6666666666666666,0.0,0.0,0.0,0.0,0.0,0.0,0.0,0.3333333333333333,0.0,0.0,0.0,0.0,0.0,0.0,0.0,0.3333333333333333,0.0,0.3333333333333333,0.0,2.1333333333333333,1.0,1.0,1.6666666666666667,0.0,0.0,0.0,0.0,1.0,0.0,1.0
E00023797,0.0,53.375,0.5,4.875,4.5,4.833333333333333,4.625,4.0,4.875,4.375,4.875,4.25,4.75,1.125,3.5,2.625,2.25,0.5,0.0,2.625,8.875,8.875,8.75,7.625,1.25,1.25,1.25,1.0,0.875,7.25,17.0,0.0,0.0,0.25,0.0,0.0,0.75,0.0,0.0,0.0,0.0,0.0,0.0,0.125,0.0,0.0,0.125,0.0,0.0,0.125,0.0,0.125,0.125,0.0,0.375,0.5,2.8104166666666663,0.25,1.0,2.142857142857143,0.0,0.0,0.25,0.125,0.625,0.0,1.125
E00023798,0.0,32.5,0.6666666666666666,3.0,4.0,3.6,3.5,2.1666666666666665,3.8333333333333335,4.0,1.6666666666666667,2.1666666666666665,3.3333333333333335,1.5,2.5,2.1666666666666665,2.0,0.6666666666666666,0.16666666666666666,3.0,10.0,9.333333333333334,9.333333333333334,4.5,1.1666666666666667,1.0,1.0,1.0,0.6666666666666666,7.0,15.0,0.16666666666666666,0.0,0.0,0.0,0.16666666666666666,0.6666666666666666,0.0,0.0,0.0,0.0,0.0,0.0,0.3333333333333333,0.0,0.0,0.0,0.0,0.16666666666666666,0.0,0.0,0.16666666666666666,0.0,0.16666666666666666,0.16666666666666666,0.0,1.5333333333333332,1.1666666666666667,1.0,1.0,0.0,0.0,0.5,0.0,0.5,0.0,0.16666666666666666
E00023812,0.14285714285714285,50.714285714285715,0.42857142857142855,2.142857142857143,2.0,2.5,2.2857142857142856,2.2857142857142856,2.4285714285714284,2.2857142857142856,2.0,2.2857142857142856,2.2857142857142856,1.2857142857142858,3.6666666666666665,1.5714285714285714,3.0,1.0,0.0,2.7142857142857144,8.571428571428571,8.571428571428571,8.714285714285714,2.142857142857143,1.0,1.0,1.0,1.0,1.0,9.0,24.0,0.14285714285714285,0.0,0.2857142857142857,0.0,0.0,0.5714285714285714,0.0,0.0,0.0,0.0,0.0,0.14285714285714285,0.0,0.0,0.0,0.14285714285714285,0.0,0.14285714285714285,0.0,0.0,0.0,0.0,0.0,0.5714285714285714,0.0,2.4,2.2857142857142856,1.5714285714285714,1.8571428571428572,0.0,0.8571428571428571,0.14285714285714285,0.0,0.0,0.0,0.0
E00023813,0.0,61.0,0.0,4.5,4.5,3.0,5.0,2.5,4.0,4.0,4.0,4.0,4.0,1.5,3.5,3.0,3.0,0.0,0.5,2.5,9.5,8.5,9.0,5.5,1.0,1.5,1.0,1.0,1.0,8.5,16.0,0.0,0.0,0.0,0.0,0.0,0.5,0.5,0.0,0.0,0.0,0.0,0.0,0.0,0.0,0.5,0.0,0.0,0.0,0.0,0.0,0.0,0.0,0.0,0.5,0.5,3.425,0.5,2.0,2.0,0.0,0.0,0.5,0.0,0.5,0.0,0.5
E00023817,0.0,54.0,1.0,2.0,3.0,2.0,2.0,3.0,2.0,3.0,3.0,3.0,3.0,2.0,4.0,2.0,3.0,2.0,0.0,3.0,10.0,10.0,10.0,3.0,1.0,1.0,1.0,1.0,1.0,9.0,16.0,0.0,0.0,0.0,0.0,0.0,1.0,0.0,0.0,0.0,0.0,0.0,0.0,0.0,0.0,1.0,0.0,0.0,0.0,0.0,0.0,0.0,0.0,0.0,0.0,0.0,2.0,3.0,2.0,3.0,0.0,1.0,0.0,0.0,0.0,0.0,0.0
E00023818,0.0,42.375,0.5,3.75,3.875,3.6,4.0,2.625,3.625,3.25,2.625,3.0,3.25,1.375,3.5,2.25,2.125,0.25,0.0,3.0,10.25,9.625,8.625,4.375,1.125,1.0,1.125,0.875,0.75,6.5,15.0,0.375,0.0,0.25,0.0,0.0,0.375,0.0,0.0,0.0,0.125,0.0,0.0,0.125,0.125,0.0,0.0,0.0,0.0,0.0,0.0,0.0,0.125,0.0,0.5,0.0,1.475,0.625,0.25,1.0,0.0,0.125,0.0,0.0,0.875,0.0,0.25
E00023825,0.0,41.833333333333336,0.5,4.833333333333333,4.0,3.6,3.6666666666666665,3.0,4.0,3.8333333333333335,4.166666666666667,4.0,4.0,1.1666666666666667,4.0,2.1666666666666665,3.8333333333333335,0.6666666666666666,0.0,3.0,9.333333333333334,8.833333333333334,9.333333333333334,5.0,1.3333333333333333,1.3333333333333333,1.5,1.0,0.8333333333333334,8.0,15.833333333333334,0.16666666666666666,0.0,0.0,0.0,0.0,0.8333333333333334,0.0,0.0,0.0,0.0,0.0,0.0,0.0,0.0,0.0,0.16666666666666666,0.0,0.0,0.0,0.0,0.0,0.0,0.16666666666666666,0.6666666666666666,0.0,3.5500000000000003,0.3333333333333333,1.1666666666666667,1.8333333333333333,0.0,0.0,0.5,0.0,0.5,0.0,0.3333333333333333
E00023827,0.0,45.0,0.5,3.5,3.0,2.5,3.0,1.5,4.0,3.5,3.0,2.5,2.5,2.0,3.5,1.5,3.0,1.0,0.0,3.0,9.0,8.5,8.5,3.5,1.5,1.5,1.5,1.0,1.0,6.0,16.0,0.0,0.0,0.0,0.0,0.0,1.0,0.0,0.0,0.0,0.0,0.0,0.0,0.0,0.0,0.0,0.0,0.0,0.0,0.0,0.0,0.0,0.0,0.0,1.0,0.0,2.75,2.0,1.0,2.5,0.0,0.0,0.5,0.0,0.5,0.0,0.0
E00023834,0.0,54.333333333333336,0.3333333333333333,4.166666666666667,4.166666666666667,3.5,3.8333333333333335,3.0,4.0,3.8333333333333335,4.0,3.8333333333333335,4.166666666666667,1.6666666666666667,3.5,2.1666666666666665,2.0,0.5,0.16666666666666666,2.6666666666666665,8.833333333333334,9.333333333333334,9.0,4.5,1.1666666666666667,1.5,1.5,1.1666666666666667,0.6666666666666666,6.666666666666667,16.0,0.0,0.0,0.16666666666666666,0.0,0.16666666666666666,0.3333333333333333,0.3333333333333333,0.0,0.16666666666666666,0.0,0.0,0.0,0.0,0.0,0.0,0.0,0.0,0.0,0.0,0.0,0.16666666666666666,0.16666666666666666,0.0,0.3333333333333333,0.16666666666666666,2.8666666666666667,0.5,1.0,1.8,0.0,0.16666666666666666,0.5,0.0,0.3333333333333333,0.0,0.0
E00023837,0.0,32.0,0.75,3.0,3.5,2.3333333333333335,2.75,1.25,3.25,3.5,2.5,2.25,2.5,3.5,3.5,1.75,2.5,0.25,0.0,3.0,8.75,7.75,8.25,2.75,1.0,1.0,1.0,1.25,0.25,4.75,38.75,0.25,0.0,0.0,0.0,0.0,0.75,0.0,0.0,0.0,0.25,0.0,0.0,0.0,0.0,0.0,0.25,0.0,0.0,0.0,0.0,0.0,0.25,0.0,0.25,0.0,2.722222222222222,0.75,0.5,2.5,0.5,0.0,0.0,0.0,0.5,0.0,0.0
E00023839,0.0,44.5,1.0,5.0,4.5,5.0,4.5,4.0,5.0,4.5,5.0,4.0,5.0,2.0,4.0,3.0,2.0,1.0,0.0,3.0,8.5,8.5,9.5,4.5,1.5,1.5,1.5,1.0,1.0,6.0,16.0,0.0,0.0,0.0,0.0,0.0,1.0,0.0,0.0,0.0,0.0,0.0,0.0,0.0,0.0,0.5,0.0,0.0,0.0,0.0,0.0,0.0,0.0,0.0,0.5,0.5,3.3,0.0,1.0,2.0,0.0,0.0,0.5,0.0,0.5,0.0,1.5
E00023840,0.6666666666666666,39.5,0.5,3.6666666666666665,3.6666666666666665,4.333333333333333,5.0,4.333333333333333,3.6666666666666665,3.5,2.8333333333333335,3.0,3.6666666666666665,1.3333333333333333,1.6666666666666667,2.5,2.0,0.0,0.0,3.0,10.166666666666666,8.333333333333334,8.666666666666666,4.833333333333333,1.5,1.1666666666666667,1.1666666666666667,1.0,1.0,7.0,15.0,0.16666666666666666,0.0,0.0,0.0,0.16666666666666666,0.6666666666666666,0.0,0.0,0.0,0.0,0.0,0.0,0.0,0.0,0.16666666666666666,0.0,0.0,0.0,0.0,0.0,0.0,0.0,0.0,0.8333333333333334,0.3333333333333333,1.4666666666666668,1.5,0.3333333333333333,1.0,0.0,0.0,0.0,0.0,0.8333333333333334,0.16666666666666666,0.5
E00023841,0.0,58.0,0.5,2.5,2.5,3.5,2.5,2.0,4.0,3.5,2.5,3.0,2.0,1.5,3.0,2.0,3.0,0.0,0.0,3.0,8.5,8.0,9.0,3.5,1.0,1.5,1.0,1.0,1.0,9.0,16.0,0.0,0.0,0.0,0.0,0.0,1.0,0.0,0.0,0.0,0.0,0.0,0.0,0.0,0.0,0.0,0.0,0.0,0.0,0.0,0.0,0.0,0.0,0.5,0.5,0.0,2.625,1.0,0.0,,0.0,0.0,0.5,0.0,0.5,0.0,0.0
E00023849,0.14285714285714285,36.166666666666664,0.7142857142857143,2.7142857142857144,3.4285714285714284,3.3333333333333335,3.0,1.8333333333333333,2.0,3.142857142857143,2.142857142857143,2.857142857142857,1.7142857142857142,2.5714285714285716,3.142857142857143,2.857142857142857,2.0,0.5714285714285714,0.0,3.0,8.571428571428571,8.857142857142858,8.571428571428571,1.8571428571428572,1.0,1.0,1.0,1.0,0.5714285714285714,7.285714285714286,17.0,0.0,0.14285714285714285,0.0,0.0,0.14285714285714285,0.7142857142857143,0.0,0.0,0.0,0.0,0.14285714285714285,0.0,0.0,0.0,0.0,0.0,0.0,0.0,0.0,0.0,0.0,0.14285714285714285,0.0,0.7142857142857143,0.0,2.1142857142857143,0.2857142857142857,1.8571428571428572,2.4444444444444446,0.0,0.5714285714285714,0.14285714285714285,0.0,0.2857142857142857,0.0,0.2857142857142857
E00023851,0.2857142857142857,,0.7142857142857143,4.0,4.428571428571429,3.4,3.7142857142857144,3.5,3.5714285714285716,3.857142857142857,3.7142857142857144,3.857142857142857,4.0,1.8571428571428572,1.5714285714285714,2.5714285714285716,1.5714285714285714,0.0,0.0,3.0,10.571428571428571,10.428571428571429,10.142857142857142,4.714285714285714,1.7142857142857142,1.7142857142857142,1.4285714285714286,1.0,1.0,8.714285714285714,22.285714285714285,0.0,0.2857142857142857,0.0,0.0,0.0,0.7142857142857143,0.0,0.0,0.0,0.0,0.0,0.0,0.0,0.0,0.0,0.2857142857142857,0.0,0.0,0.14285714285714285,0.0,0.0,0.0,0.0,0.42857142857142855,0.42857142857142855,2.0,0.2857142857142857,1.0,1.8,0.0,0.0,0.0,0.2857142857142857,0.7142857142857143,0.0,1.0
E00023853,0.125,63.0,0.5,3.5,4.0,3.4285714285714284,4.0,3.857142857142857,3.5714285714285716,4.125,3.875,4.0,3.75,2.0,1.875,3.125,2.125,0.16666666666666666,0.125,2.75,9.625,9.125,9.125,4.75,1.625,1.25,1.875,1.0,1.0,8.571428571428571,44.75,0.0,0.0,0.25,0.0,0.0,0.625,0.125,0.0,0.0,0.125,0.0,0.0,0.0,0.0,0.25,0.0,0.0,0.125,0.0,0.0,0.0,0.0,0.0,0.5,0.375,2.125,0.0,1.375,1.9375,0.0,0.25,0.25,0.0,0.5,0.0,0.25
E00023862,0.0,,0.5,4.5,4.5,4.0,4.0,5.0,4.0,4.5,4.5,4.5,4.5,1.5,2.0,4.0,1.0,0.0,0.5,3.0,9.0,8.5,8.5,5.0,2.0,1.5,1.5,1.0,0.5,8.5,17.0,0.0,0.0,0.0,0.5,0.0,0.5,0.0,0.0,0.0,0.0,0.0,0.5,0.0,0.0,0.0,0.0,0.0,0.0,0.0,0.0,0.0,0.5,0.0,0.0,0.5,1.8,0.0,1.0,2.0,0.0,0.0,0.0,0.0,1.0,0.0,4.0
E00023863,0.14285714285714285,54.25,0.7142857142857143,4.0,4.571428571428571,4.285714285714286,4.428571428571429,4.0,4.142857142857143,4.142857142857143,3.857142857142857,4.142857142857143,4.0,2.0,2.2857142857142856,2.4285714285714284,2.2857142857142856,0.8,0.14285714285714285,2.857142857142857,8.714285714285714,8.428571428571429,8.714285714285714,4.857142857142857,1.4285714285714286,1.5714285714285714,1.1428571428571428,1.0,1.0,7.571428571428571,54.0,0.0,0.0,0.14285714285714285,0.0,0.0,0.7142857142857143,0.14285714285714285,0.0,0.0,0.2857142857142857,0.14285714285714285,0.0,0.0,0.0,0.0,0.2857142857142857,0.0,0.0,0.0,0.0,0.0,0.0,0.0,0.2857142857142857,0.14285714285714285,2.4285714285714284,0.14285714285714285,0.8571428571428571,2.1,0.0,0.0,0.14285714285714285,0.0,0.8571428571428571,0.0,0.0
E00023866,0.375,40.25,0.375,2.875,2.75,3.2,2.875,1.125,2.375,2.375,2.625,2.5,2.25,1.75,3.625,2.375,2.375,0.5,0.25,2.875,8.5,8.625,8.375,2.25,1.5,1.5,1.5,1.0,0.875,7.0,54.0,0.0,0.0,0.0,0.125,0.25,0.5,0.125,0.0,0.0,0.125,0.0,0.0,0.0,0.0,0.0,0.125,0.0,0.0,0.0,0.375,0.0,0.0,0.0,0.375,0.0,2.0,1.25,1.375,2.5,0.0,0.0,0.0,0.0,1.0,0.0,0.0
E00023875,0.0,44.5,0.3333333333333333,3.8333333333333335,3.3333333333333335,3.25,4.166666666666667,2.6666666666666665,3.3333333333333335,4.0,3.1666666666666665,4.0,3.8333333333333335,1.6666666666666667,2.1666666666666665,2.1666666666666665,2.6666666666666665,1.0,0.0,3.0,9.833333333333334,9.666666666666666,9.833333333333334,4.333333333333333,1.3333333333333333,1.1666666666666667,1.3333333333333333,0.8333333333333334,0.8333333333333334,9.0,53.0,0.0,0.0,0.0,0.0,0.3333333333333333,0.6666666666666666,0.0,0.0,0.0,0.0,0.16666666666666666,0.0,0.0,0.0,0.0,0.0,0.0,0.0,0.0,0.0,0.0,0.0,0.0,0.8333333333333334,0.0,2.1,0.0,1.3333333333333333,1.75,0.0,0.3333333333333333,0.3333333333333333,0.0,0.3333333333333333,0.0,0.5
E00023877,0.14285714285714285,43.5,0.42857142857142855,2.7142857142857144,2.7142857142857144,2.5,3.0,1.1428571428571428,1.2857142857142858,1.7142857142857142,1.8571428571428572,2.0,1.7142857142857142,2.142857142857143,3.0,2.142857142857143,4.0,1.5714285714285714,0.14285714285714285,3.0,8.857142857142858,9.428571428571429,8.857142857142858,2.142857142857143,1.0,1.0,1.0,1.0,0.8571428571428571,8.428571428571429,55.0,0.0,0.0,0.14285714285714285,0.0,0.2857142857142857,0.2857142857142857,0.2857142857142857,0.14285714285714285,0.0,0.0,0.0,0.0,0.0,0.0,0.0,0.14285714285714285,0.0,0.0,0.0,0.14285714285714285,0.14285714285714285,0.14285714285714285,0.0,0.2857142857142857,0.0,2.2285714285714286,1.5714285714285714,1.5714285714285714,2.2857142857142856,0.0,0.0,0.0,0.0,1.0,0.0,0.0
E00023883,0.0,49.4,0.4,4.8,4.8,4.75,5.0,5.0,5.0,5.0,5.0,4.8,5.0,2.2,3.0,3.6,2.0,0.0,0.0,3.0,7.8,8.0,7.8,7.2,1.2,1.0,1.0,1.0,1.0,6.8,23.2,0.0,0.0,0.0,0.0,0.0,0.4,0.6,0.0,0.0,0.0,0.2,0.0,0.0,0.0,0.4,0.2,0.0,0.0,0.0,0.0,0.0,0.0,0.0,0.2,0.0,2.52,0.8,1.0,2.125,0.0,0.0,0.0,0.0,0.8,0.2,0.8
E00023886,0.125,41.375,0.5,4.5,5.0,5.0,5.0,4.0,4.625,4.75,4.375,4.25,4.625,1.0,2.875,2.25,2.375,0.125,0.0,3.0,10.0,9.625,9.25,3.0,1.0,1.0,1.25,1.0,0.625,6.875,54.0,0.25,0.0,0.0,0.0,0.125,0.625,0.0,0.0,0.0,0.25,0.0,0.0,0.0,0.125,0.0,0.0,0.0,0.0,0.0,0.0,0.0,0.125,0.0,0.5,0.0,1.25,1.125,1.25,1.0,0.0,0.375,0.0,0.0,0.625,0.0,0.25
E00023903,0.0,43.0,0.375,5.0,4.5,3.8333333333333335,4.25,2.875,4.125,4.125,4.5,4.5,4.0,1.25,3.375,2.125,2.875,0.0,0.0,3.0,9.625,9.375,9.125,3.75,1.625,1.625,1.5,1.0,0.625,6.375,15.0,0.125,0.0,0.125,0.0,0.0,0.625,0.125,0.0,0.0,0.0,0.0,0.0,0.25,0.0,0.125,0.125,0.0,0.0,0.0,0.0,0.125,0.0,0.0,0.375,0.125,3.2875,0.25,1.125,2.0,0.0,0.0,0.375,0.125,0.5,0.0,0.375
E00023904,0.0,39.0,0.3333333333333333,5.0,5.0,5.0,5.0,4.666666666666667,5.0,5.0,5.0,5.0,5.0,2.3333333333333335,2.6666666666666665,2.6666666666666665,3.0,0.3333333333333333,0.0,3.0,9.333333333333334,8.0,8.333333333333334,7.333333333333333,1.0,1.0,1.0,1.0,1.0,6.333333333333333,15.666666666666666,0.0,0.0,0.0,0.0,0.0,1.0,0.0,0.0,0.0,0.0,0.0,0.0,0.0,0.0,0.3333333333333333,0.0,0.0,0.0,0.0,0.0,0.0,0.0,0.0,0.6666666666666666,0.0,2.533333333333333,1.0,0.6666666666666666,1.5,0.0,0.0,0.0,0.3333333333333333,0.6666666666666666,0.0,0.0
E00023908,0.0,42.6,0.6,3.4,3.2,2.6,2.8,2.6,2.6,2.6,3.4,2.6,2.6,2.2,3.4,1.2,2.4,0.8,0.0,3.0,8.8,8.8,8.4,3.2,1.0,1.0,1.0,1.0,0.2,8.6,54.0,0.2,0.0,0.0,0.2,0.0,0.6,0.0,0.0,0.0,0.0,0.0,0.0,0.2,0.0,0.4,0.0,0.0,0.0,0.0,0.0,0.0,0.0,0.0,0.4,0.0,1.9600000000000002,0.0,0.8,2.25,0.0,0.4,0.0,0.0,0.6,0.0,0.0
E00023909,0.0,36.833333333333336,0.8333333333333334,4.833333333333333,4.833333333333333,5.0,5.0,5.0,5.0,5.0,5.0,5.0,5.0,3.0,3.0,3.6666666666666665,2.6666666666666665,0.16666666666666666,0.0,3.0,8.0,8.166666666666666,8.333333333333334,7.666666666666667,1.0,1.0,1.0,1.0,1.0,6.5,25.666666666666668,0.0,0.0,0.0,0.0,0.0,0.5,0.5,0.0,0.0,0.0,0.0,0.0,0.0,0.0,0.0,0.16666666666666666,0.0,0.0,0.0,0.0,0.0,0.0,0.0,0.8333333333333334,0.0,2.733333333333334,1.1666666666666667,1.0,2.0,0.0,0.0,0.0,0.0,0.8333333333333334,0.16666666666666666,0.16666666666666666
E00023910,0.0,28.0,0.0,5.0,5.0,5.0,5.0,5.0,5.0,5.0,5.0,5.0,5.0,2.0,3.0,3.0,3.0,0.0,0.0,3.0,7.0,8.0,5.0,10.0,1.0,1.0,1.0,1.0,1.0,9.0,16.0,0.0,0.0,0.0,0.0,0.0,1.0,0.0,0.0,0.0,0.0,0.0,0.0,0.0,0.0,0.0,0.0,0.0,0.0,0.0,0.0,0.0,0.0,0.0,1.0,0.0,2.4,1.0,0.0,,0.0,0.0,0.0,0.0,1.0,0.0,0.0
E00023929,0.0,36.666666666666664,0.5,1.125,1.125,1.5,1.125,1.0,1.375,1.5,1.25,1.25,1.0,2.125,3.4285714285714284,2.125,2.0,0.0,0.0,3.0,9.5,8.75,8.625,3.375,1.125,1.0,1.0,1.0,0.5,5.375,30.75,0.125,0.0,0.125,0.0,0.0,0.625,0.125,0.0,0.125,0.0,0.0,0.125,0.0,0.0,0.0,0.125,0.0,0.0,0.0,0.125,0.125,0.125,0.0,0.25,0.0,1.85,0.375,0.5,1.6666666666666667,0.0,0.0,0.0,0.0,1.0,0.0,0.0
E00023937,0.0,49.75,0.5,4.875,4.875,5.0,4.625,4.875,4.875,4.875,5.0,4.625,4.75,1.875,2.625,2.625,2.5,0.125,0.0,3.0,10.25,10.125,9.875,9.25,1.25,1.25,1.125,1.0,1.0,7.5,18.0,0.0,0.0,0.125,0.0,0.0,0.75,0.125,0.0,0.0,0.0,0.0,0.0,0.0,0.0,0.0,0.25,0.0,0.0,0.0,0.0,0.0,0.0,0.0,0.75,0.0,2.525,1.0,1.125,2.4166666666666665,0.0,0.125,0.0,0.0,0.875,0.0,0.25
E00023938,0.0,53.0,1.0,3.25,3.25,2.5,2.75,1.0,3.25,2.75,3.25,3.25,1.25,2.75,4.0,1.25,2.5,0.5,0.0,2.75,8.5,8.5,8.5,4.75,1.0,1.0,1.0,1.0,1.0,9.0,8.75,0.0,0.0,0.25,0.0,0.0,0.5,0.25,0.0,0.0,0.0,0.0,0.0,0.0,0.0,0.0,0.0,0.0,0.0,0.0,0.0,0.0,0.0,0.0,1.0,0.0,1.7875,0.75,1.0,1.5,0.25,0.75,0.0,0.0,0.0,0.0,0.0
E00023939,0.0,44.0,0.42857142857142855,5.0,4.857142857142857,5.0,4.571428571428571,5.0,5.0,5.0,4.857142857142857,4.857142857142857,5.0,3.2857142857142856,2.4285714285714284,2.7142857142857144,2.4285714285714284,0.2857142857142857,0.0,3.0,9.571428571428571,10.428571428571429,9.428571428571429,9.0,1.0,1.0,1.0,1.0,0.8571428571428571,7.714285714285714,13.428571428571429,0.0,0.0,0.0,0.0,0.14285714285714285,0.8571428571428571,0.0,0.0,0.0,0.0,0.0,0.0,0.0,0.0,0.0,0.0,0.0,0.14285714285714285,0.14285714285714285,0.0,0.0,0.0,0.0,0.7142857142857143,0.0,2.8000000000000003,1.0,1.2857142857142858,1.8571428571428572,0.0,0.0,0.2857142857142857,0.14285714285714285,0.5714285714285714,0.0,0.2857142857142857
E00023943,0.0,40.666666666666664,0.3333333333333333,3.3333333333333335,4.0,3.0,4.333333333333333,2.0,2.6666666666666665,3.0,3.0,3.3333333333333335,1.6666666666666667,1.6666666666666667,3.6666666666666665,1.3333333333333333,2.6666666666666665,0.0,0.0,3.0,7.666666666666667,7.666666666666667,7.666666666666667,5.666666666666667,1.0,1.0,1.0,1.0,1.0,9.0,15.0,0.0,0.0,0.0,0.0,0.0,0.3333333333333333,0.6666666666666666,0.0,0.0,0.0,0.0,0.0,0.0,0.0,0.0,0.0,0.0,0.0,0.0,0.0,0.0,0.0,0.0,1.0,0.0,1.6666666666666667,1.6666666666666667,1.6666666666666667,4.0,0.3333333333333333,0.0,0.3333333333333333,0.0,0.3333333333333333,0.0,0.0
E00023956,0.125,42.333333333333336,0.625,2.5,1.75,1.75,1.875,1.25,2.375,1.875,2.5,1.75,1.625,1.7142857142857142,3.375,2.5,1.5,0.625,0.125,2.375,8.0,8.0,7.625,4.0,1.625,1.75,1.625,0.875,0.75,7.5,15.0,0.125,0.0,0.125,0.0,0.125,0.5,0.125,0.0,0.0,0.0,0.0,0.0,0.0,0.0,0.0,0.0,0.0,0.0,0.125,0.0,0.0,0.0,0.0,0.875,0.0,2.9714285714285715,0.375,0.375,3.3333333333333335,0.0,0.25,0.0,0.0,0.75,0.0,0.875
E00023957,0.0,54.5,0.0,3.0,4.5,1.0,3.0,3.0,5.0,4.0,4.0,2.5,1.0,2.0,4.0,3.5,2.5,0.0,0.0,1.5,8.0,7.5,5.0,5.5,2.0,1.0,1.0,1.0,1.0,8.0,54.0,0.0,0.0,0.5,0.5,0.0,0.0,0.0,0.0,0.5,0.0,0.0,0.0,0.0,0.0,0.0,0.0,0.0,0.0,0.5,0.0,0.0,0.0,0.0,0.0,0.0,2.5,1.5,1.0,2.5,0.0,0.0,0.0,0.0,1.0,0.0,3.0
E00023958,0.0,45.0,0.6666666666666666,4.0,4.0,2.8,3.8333333333333335,1.8333333333333333,3.1666666666666665,3.5,3.1666666666666665,3.3333333333333335,2.0,1.0,4.0,3.0,2.1666666666666665,0.16666666666666666,0.0,3.0,8.333333333333334,8.333333333333334,8.333333333333334,6.666666666666667,1.1666666666666667,1.1666666666666667,1.1666666666666667,0.8333333333333334,1.0,8.666666666666666,54.0,0.0,0.16666666666666666,0.0,0.0,0.0,0.6666666666666666,0.16666666666666666,0.0,0.0,0.0,0.0,0.0,0.0,0.0,0.16666666666666666,0.0,0.0,0.16666666666666666,0.0,0.0,0.0,0.0,0.0,0.6666666666666666,0.0,2.5666666666666664,0.5,1.0,3.5,0.0,0.0,0.0,0.0,1.0,0.0,0.0
E00023965,0.0,60.0,1.0,5.0,5.0,,5.0,5.0,5.0,5.0,5.0,5.0,5.0,2.0,2.0,3.0,3.0,0.0,0.0,3.0,7.0,6.0,8.0,7.0,1.0,1.0,1.0,1.0,1.0,7.0,16.0,0.0,0.0,0.0,0.0,1.0,0.0,0.0,0.0,0.0,0.0,0.0,0.0,0.0,0.0,0.0,0.0,0.0,0.0,0.0,0.0,0.0,0.0,0.0,1.0,2.0,2.6,1.0,1.0,2.0,0.0,0.0,0.0,0.0,1.0,0.0,1.0
E00023975,0.0,41.0,0.5,5.0,5.0,5.0,5.0,5.0,5.0,5.0,5.0,4.5,5.0,2.0,3.0,6.0,2.5,0.0,0.0,3.0,8.5,7.5,9.5,9.0,1.0,1.0,1.0,1.0,1.0,8.0,16.0,0.0,0.0,0.0,0.0,0.0,1.0,0.0,0.0,0.0,0.0,0.0,0.0,0.0,0.0,0.0,0.0,0.0,0.0,0.0,0.0,0.0,0.0,0.0,1.0,0.0,2.6,2.0,0.5,3.0,0.0,0.0,0.0,0.5,0.5,0.0,0.5
E00023977,0.0,39.0,1.0,5.0,5.0,5.0,5.0,5.0,5.0,5.0,5.0,5.0,5.0,2.0,3.0,3.0,4.0,1.0,0.0,3.0,10.0,7.0,9.0,5.0,1.0,1.0,1.0,1.0,1.0,7.0,17.0,0.0,0.0,0.0,0.0,0.0,1.0,0.0,0.0,0.0,0.0,0.0,0.0,0.0,0.0,0.0,0.0,0.0,1.0,0.0,0.0,0.0,0.0,0.0,0.0,0.0,2.2,2.0,0.0,,0.0,0.0,0.0,0.0,1.0,0.0,0.0
E00023980,0.0,47.0,0.3333333333333333,3.0,3.6666666666666665,3.5,4.0,1.6666666666666667,3.6666666666666665,4.0,2.3333333333333335,2.6666666666666665,2.6666666666666665,1.6666666666666667,3.3333333333333335,2.0,2.0,0.0,0.3333333333333333,3.0,9.0,7.333333333333333,9.666666666666666,2.3333333333333335,1.3333333333333333,1.3333333333333333,1.0,1.0,1.0,8.333333333333334,54.0,0.0,0.0,0.3333333333333333,0.0,0.0,0.6666666666666666,0.0,0.0,0.0,0.0,0.0,0.0,0.0,0.0,0.0,0.3333333333333333,0.0,0.0,0.0,0.0,0.0,0.0,0.0,0.6666666666666666,0.3333333333333333,3.15,1.0,1.6666666666666667,2.3333333333333335,0.0,0.0,0.0,0.0,1.0,0.0,0.0
E00023981,0.0,22.0,0.0,5.0,5.0,,5.0,5.0,5.0,5.0,5.0,5.0,5.0,2.0,3.0,6.0,2.0,0.0,0.0,3.0,8.0,7.0,8.0,7.0,1.0,1.0,1.0,1.0,1.0,7.0,15.0,0.0,0.0,0.0,0.0,1.0,0.0,0.0,0.0,0.0,0.0,0.0,0.0,0.0,0.0,0.0,0.0,0.0,0.0,0.0,0.0,0.0,0.0,0.0,1.0,0.0,2.4,2.0,1.0,2.0,0.0,0.0,0.0,0.0,1.0,0.0,0.0
E00023982,0.0,27.666666666666668,0.5,3.75,4.0,3.6666666666666665,4.0,2.25,3.5,3.5,2.75,2.75,3.5,2.0,3.0,2.25,3.25,1.25,0.0,3.0,9.25,7.5,8.75,3.25,1.0,1.0,1.0,1.0,0.5,7.75,54.0,0.25,0.0,0.0,0.0,0.0,0.5,0.25,0.0,0.0,0.0,0.0,0.0,0.0,0.0,0.0,0.0,0.25,0.0,0.0,0.0,0.0,0.0,0.0,0.75,0.0,3.2625,0.5,1.0,2.8333333333333335,0.25,0.0,0.0,0.0,0.75,0.0,0.0
E00023990,0.2,43.25,0.4,3.4,3.4,3.75,3.4,1.6,4.2,4.0,3.8,3.8,3.8,1.8,3.0,2.6,2.0,0.6,0.0,3.0,6.6,6.6,7.4,4.4,1.4,1.2,1.4,1.0,1.0,8.8,49.2,0.0,0.2,0.0,0.0,0.0,0.4,0.4,0.0,0.0,0.0,0.0,0.0,0.0,0.0,0.0,0.0,0.0,0.0,0.0,0.0,0.0,0.0,0.2,0.8,0.2,2.8899999999999997,1.0,0.8,2.6666666666666665,0.0,0.2,0.0,0.0,0.8,0.0,0.0
E00023991,0.125,38.625,0.5,2.375,2.75,1.5,2.625,1.625,1.875,2.125,1.625,2.25,1.25,2.375,3.375,2.125,1.75,0.125,0.125,2.875,9.875,10.125,9.625,3.0,1.25,1.25,1.125,1.0,0.625,7.125,16.0,0.125,0.0,0.125,0.0,0.0,0.625,0.125,0.0,0.125,0.0,0.0,0.0,0.0,0.0,0.0,0.0,0.0,0.0,0.0,0.125,0.0,0.0,0.0,0.75,0.0,2.125,1.0,0.375,2.0,0.0,0.5,0.125,0.0,0.375,0.0,0.0
E00023993,0.2,41.666666666666664,0.4,4.0,3.8,4.25,4.2,3.4,3.2,4.2,3.4,3.8,3.0,1.8,2.8,1.8,3.2,0.0,0.0,3.0,8.8,8.4,8.4,4.0,1.2,1.2,1.2,1.0,0.6,6.8,54.0,0.0,0.0,0.2,0.0,0.0,0.6,0.2,0.0,0.2,0.0,0.2,0.0,0.0,0.0,0.0,0.2,0.0,0.0,0.0,0.0,0.0,0.2,0.0,0.2,0.0,2.9,0.2,0.6,4.0,0.0,0.2,0.0,0.0,0.8,0.0,0.0
E00023995,0.0,24.0,1.0,1.0,5.0,1.0,5.0,1.0,1.0,3.0,1.0,4.0,1.0,1.0,4.0,2.0,2.0,0.0,0.0,3.0,9.0,8.0,7.0,3.0,3.0,1.0,1.0,1.0,1.0,9.0,54.0,0.0,0.0,0.0,0.0,0.0,1.0,0.0,0.0,0.0,0.0,0.0,0.0,0.0,0.0,0.0,0.0,0.0,0.0,0.0,0.0,0.0,0.0,0.0,1.0,0.0,2.0,0.0,1.0,5.0,0.0,0.0,0.0,0.0,1.0,0.0,0.0
E00024008,0.0,44.142857142857146,0.5714285714285714,3.4285714285714284,3.4285714285714284,2.857142857142857,2.2857142857142856,1.4285714285714286,2.7142857142857144,2.2857142857142856,2.2857142857142856,2.2857142857142856,1.2857142857142858,1.8571428571428572,3.0,2.857142857142857,1.2857142857142858,0.2857142857142857,0.0,2.5714285714285716,9.428571428571429,9.571428571428571,9.0,3.857142857142857,1.5714285714285714,1.1428571428571428,1.1428571428571428,1.0,0.8571428571428571,8.714285714285714,54.0,0.0,0.14285714285714285,0.0,0.14285714285714285,0.0,0.5714285714285714,0.0,0.14285714285714285,0.0,0.0,0.14285714285714285,0.0,0.0,0.0,0.0,0.0,0.0,0.0,0.14285714285714285,0.0,0.0,0.0,0.0,0.5714285714285714,0.0,2.2857142857142856,0.2857142857142857,0.42857142857142855,3.0,0.0,0.0,0.0,0.0,1.0,0.0,0.5714285714285714
E00024009,0.5,42.0,0.5,4.0,3.5,3.5,3.5,3.0,4.0,4.0,3.5,3.5,4.0,2.5,3.0,4.0,2.0,1.0,0.5,2.0,11.0,10.5,11.0,8.5,1.0,1.0,1.0,1.0,0.0,8.0,15.0,0.0,0.0,0.0,0.0,0.5,0.5,0.0,0.5,0.0,0.0,0.0,0.0,0.0,0.0,0.0,0.0,0.0,0.0,0.0,0.0,0.0,0.0,0.0,0.5,1.0,3.6666666666666665,0.0,1.0,3.0,0.0,0.0,0.5,0.0,0.5,0.0,0.0
E00024012,0.0,38.0,0.375,1.75,2.0,1.875,1.5,1.0,1.75,1.625,1.625,1.5,1.0,2.125,3.0,2.375,1.625,0.0,0.0,3.0,10.625,10.0,9.375,2.75,1.25,1.125,1.25,1.0,0.875,7.125,54.0,0.0,0.0,0.125,0.0,0.0,0.75,0.125,0.0,0.125,0.125,0.0,0.125,0.0,0.0,0.0,0.0,0.0,0.0,0.125,0.0,0.0,0.0,0.125,0.375,0.0,1.7666666666666666,0.125,0.5,1.6666666666666667,0.0,0.0,0.0,0.0,1.0,0.0,0.0
E00024013,0.0,45.75,0.5,2.375,3.0,1.5,3.5,1.375,2.625,3.25,2.625,3.2857142857142856,1.875,2.75,3.875,2.75,2.25,0.125,0.0,2.875,7.75,7.75,7.75,5.5,1.125,1.375,1.375,1.0,0.875,8.125,54.0,0.0,0.0,0.0,0.125,0.125,0.5,0.25,0.0,0.0,0.0,0.0,0.125,0.0,0.0,0.0,0.125,0.0,0.0,0.0,0.0,0.0,0.125,0.0,0.625,0.0,1.48125,0.375,1.375,2.5,0.25,0.0,0.0,0.0,0.75,0.0,0.25
E00024021,0.0,44.0,1.0,4.0,4.0,3.5,4.0,3.5,4.0,2.5,3.5,2.0,2.0,2.5,3.0,2.5,1.0,0.0,0.0,3.0,6.5,6.0,7.5,6.0,2.0,2.0,2.0,1.0,0.5,7.5,54.0,0.0,0.0,0.0,0.0,0.5,0.5,0.0,0.0,0.0,0.0,0.0,0.0,0.0,0.0,0.0,0.0,0.0,0.0,0.0,0.0,0.0,0.0,0.0,1.0,0.0,3.5,0.0,1.0,2.0,0.0,0.0,0.0,0.0,1.0,0.0,0.0
E00024023,0.0,43.5,0.375,3.75,4.375,4.166666666666667,4.375,2.142857142857143,2.625,3.375,3.375,3.625,2.0,1.75,4.0,2.5,2.625,0.375,0.0,3.0,7.25,7.75,7.375,4.5,1.625,1.625,1.625,0.875,0.875,8.0,54.0,0.0,0.0,0.125,0.0,0.125,0.375,0.375,0.0,0.0,0.0,0.0,0.125,0.0,0.0,0.0,0.25,0.0,0.0,0.0,0.0,0.0,0.375,0.0,0.25,0.0,1.95,0.5,1.125,2.625,0.125,0.25,0.0,0.0,0.625,0.0,0.625
E00024024,0.0,46.0,0.5,3.25,3.5,2.25,2.75,1.5,2.5,2.25,2.5,2.25,1.75,3.0,3.25,3.25,2.25,0.25,0.0,3.0,10.5,10.5,9.25,3.0,1.25,1.0,1.0,1.0,0.75,6.333333333333333,15.0,0.0,0.0,0.0,0.0,0.0,0.5,0.5,0.25,0.0,0.25,0.0,0.0,0.0,0.0,0.0,0.0,0.0,0.0,0.0,0.0,0.0,0.0,0.0,0.5,0.0,1.75,0.0,0.75,1.0,0.0,0.0,0.0,0.0,1.0,0.0,0.0
E00024028,0.0,44.0,0.5,3.5,3.5,3.5,4.0,2.5,3.5,3.5,2.5,3.0,4.0,1.5,3.0,2.0,3.5,0.5,0.0,3.0,9.5,8.5,9.5,5.0,1.0,1.0,1.0,1.0,1.0,8.5,54.0,0.0,0.0,0.0,0.0,0.0,0.5,0.5,0.0,0.0,0.0,0.0,0.0,0.0,0.0,0.0,0.5,0.0,0.0,0.0,0.0,0.0,0.0,0.0,0.5,0.0,2.95,1.0,1.5,3.25,0.0,0.0,0.5,0.0,0.5,0.0,0.0
E00024029,0.0,46.75,0.6,4.2,4.4,4.5,3.8,2.6,3.4,3.6,3.4,3.4,3.0,1.8,3.0,2.0,3.2,0.4,0.0,3.0,8.2,7.8,8.8,5.2,1.0,1.4,1.0,0.8,0.6,7.4,16.0,0.0,0.0,0.2,0.0,0.0,0.4,0.4,0.0,0.0,0.0,0.0,0.0,0.0,0.0,0.0,0.0,0.0,0.0,0.0,0.2,0.0,0.0,0.2,0.6,0.0,2.3966666666666665,0.8,1.0,2.25,0.0,0.2,0.2,0.0,0.6,0.0,0.4
E00024045,0.125,49.875,0.5,2.375,2.875,2.1666666666666665,2.5,1.5,2.0,2.875,2.375,3.0,2.75,2.875,3.375,1.875,2.0,0.0,0.25,2.875,8.875,8.625,8.75,2.875,1.25,1.25,1.25,1.0,0.875,8.0,17.0,0.0,0.0,0.25,0.0,0.0,0.625,0.125,0.0,0.125,0.0,0.0,0.0,0.0,0.0,0.0,0.0,0.0,0.0,0.0,0.0,0.0,0.125,0.0,0.75,0.0,1.9000000000000001,1.0,1.0,2.0,0.0,0.375,0.0,0.0,0.625,0.0,0.0
E00024054,0.0,60.0,0.5,4.0,3.0,4.0,4.0,2.5,3.0,3.0,3.0,2.0,4.0,2.0,3.0,2.5,2.5,0.0,0.0,3.0,8.5,6.0,7.5,3.0,1.0,1.0,1.0,1.0,1.0,8.0,16.0,0.0,0.0,0.0,0.0,0.5,0.5,0.0,0.0,0.0,0.0,0.0,0.0,0.0,0.0,0.0,0.5,0.0,0.0,0.0,0.0,0.0,0.0,0.0,0.5,0.0,3.25,1.5,2.0,2.333333333333333,0.0,0.0,0.0,0.0,1.0,0.0,0.0
E00024056,0.0,40.75,0.75,3.0,3.0,2.0,2.75,2.0,1.5,2.0,2.25,2.5,1.25,2.75,3.25,1.75,1.5,0.75,0.0,3.0,8.75,9.75,9.0,2.0,1.5,1.25,1.25,1.0,1.0,9.0,16.0,0.0,0.0,0.0,0.25,0.0,0.75,0.0,0.0,0.0,0.0,0.0,0.0,0.0,0.0,0.0,0.0,0.0,0.0,0.0,0.0,0.0,0.0,0.25,0.75,0.0,1.5,0.0,1.25,3.25,0.0,0.75,0.0,0.0,0.25,0.0,0.0
E00024058,0.25,41.625,0.125,3.125,2.875,2.375,3.375,2.4285714285714284,2.125,3.0,2.857142857142857,3.142857142857143,1.375,1.5,3.4285714285714284,3.625,3.0,0.375,0.125,3.0,9.625,9.625,9.375,6.625,1.375,1.125,1.375,1.0,0.5,7.375,54.0,0.125,0.0,0.0,0.0,0.375,0.25,0.25,0.25,0.25,0.0,0.0,0.0,0.0,0.0,0.0,0.0,0.0,0.0,0.125,0.0,0.0,0.0,0.0,0.125,0.125,2.1,0.375,0.5,1.5,0.0,0.0,0.0,0.0,1.0,0.0,0.75
E00024061,0.0,47.0,0.0,5.0,5.0,5.0,5.0,2.0,4.0,4.0,1.0,1.0,3.0,1.0,1.0,2.0,3.0,0.0,0.0,3.0,8.0,8.0,10.0,1.0,1.0,1.0,1.0,1.0,1.0,9.0,16.0,0.0,0.0,0.0,0.0,0.0,1.0,0.0,0.0,0.0,0.0,0.0,0.0,0.0,0.0,0.0,0.0,0.0,0.0,0.0,0.0,0.0,0.0,0.0,1.0,0.0,3.0,0.0,0.0,,0.0,1.0,0.0,0.0,0.0,0.0,0.0
E00024065,0.0,35.0,0.6666666666666666,2.6666666666666665,3.0,1.0,2.6666666666666665,1.0,1.6666666666666667,1.6666666666666667,2.3333333333333335,1.3333333333333333,1.6666666666666667,1.3333333333333333,3.3333333333333335,2.3333333333333335,1.6666666666666667,0.0,0.0,2.6666666666666665,8.666666666666666,8.666666666666666,9.333333333333334,2.0,1.3333333333333333,1.0,1.0,0.6666666666666666,0.6666666666666666,8.5,16.0,0.3333333333333333,0.0,0.0,0.0,0.0,0.3333333333333333,0.3333333333333333,0.0,0.3333333333333333,0.0,0.0,0.0,0.0,0.0,0.0,0.0,0.0,0.0,0.0,0.0,0.0,0.0,0.3333333333333333,0.3333333333333333,0.0,2.1333333333333333,0.6666666666666666,0.6666666666666666,2.0,0.3333333333333333,0.0,0.3333333333333333,0.0,0.3333333333333333,0.0,0.0
E00024071,0.0,27.666666666666668,0.2,1.0,1.0,1.0,1.0,1.0,1.2,1.4,1.0,1.0,1.0,1.6,3.0,2.2,1.4,0.0,0.0,2.8,10.0,9.0,8.6,5.0,1.0,1.0,1.0,0.8,0.4,6.5,16.0,0.0,0.0,0.2,0.0,0.0,0.8,0.0,0.0,0.6,0.0,0.0,0.0,0.0,0.0,0.0,0.0,0.0,0.0,0.0,0.0,0.0,0.0,0.0,0.4,0.0,1.8,0.2,0.6,2.0,0.0,0.2,0.0,0.0,0.8,0.0,0.0
E00024073,0.25,46.5,0.375,2.75,3.125,2.0,3.375,1.375,2.625,2.5,2.25,2.375,2.75,2.25,3.25,2.375,3.0,1.0,0.0,2.25,8.375,7.625,8.625,2.0,1.5,1.5,1.5,1.0,1.0,8.25,54.0,0.125,0.0,0.125,0.125,0.125,0.375,0.125,0.0,0.0,0.125,0.0,0.0,0.0,0.0,0.125,0.125,0.125,0.0,0.0,0.125,0.125,0.125,0.0,0.125,0.0,2.225,1.125,1.375,1.6875,0.0,0.0,0.0,0.0,1.0,0.0,0.0
E00024074,0.2,48.6,0.4,1.0,1.8,1.5,2.25,1.0,1.4,1.8,1.6,1.8,1.6,2.0,2.6,2.0,3.4,1.8,0.0,2.6,8.0,9.2,9.0,2.4,1.2,1.2,1.2,1.0,1.0,8.0,54.0,0.0,0.0,0.2,0.0,0.2,0.6,0.0,0.0,0.0,0.2,0.0,0.0,0.0,0.0,0.0,0.2,0.0,0.0,0.0,0.0,0.2,0.0,0.0,0.4,0.0,2.3600000000000003,0.8,1.2,1.75,0.0,0.0,0.0,0.0,1.0,0.0,0.0
E00024077,0.0,35.0,0.3333333333333333,4.5,4.0,4.666666666666667,4.333333333333333,,4.0,4.4,4.0,4.166666666666667,4.0,2.0,2.0,2.6666666666666665,2.0,0.2,0.0,3.0,9.5,9.166666666666666,9.166666666666666,5.333333333333333,1.3333333333333333,1.1666666666666667,1.5,1.0,0.6666666666666666,8.666666666666666,16.666666666666668,0.0,0.16666666666666666,0.16666666666666666,0.0,0.16666666666666666,0.5,0.0,0.0,0.16666666666666666,0.0,0.0,0.0,0.0,0.0,0.0,0.0,0.0,0.0,0.0,0.0,0.0,0.0,0.0,0.8333333333333334,0.16666666666666666,2.016666666666667,0.0,1.0,1.8333333333333333,0.0,0.0,0.0,0.0,1.0,0.0,0.5
E00024078,0.0,42.666666666666664,0.3333333333333333,3.0,2.3333333333333335,2.3333333333333335,2.6666666666666665,1.6666666666666667,2.3333333333333335,2.6666666666666665,2.6666666666666665,2.6666666666666665,2.6666666666666665,2.0,3.3333333333333335,2.3333333333333335,4.333333333333333,1.0,0.3333333333333333,2.6666666666666665,6.666666666666667,8.333333333333334,7.666666666666667,5.333333333333333,1.0,1.0,1.0,1.0,1.0,8.666666666666666,54.0,0.0,0.0,0.0,0.0,0.3333333333333333,0.6666666666666666,0.0,0.0,0.0,0.0,0.3333333333333333,0.0,0.0,0.0,0.0,0.0,0.0,0.0,0.0,0.0,0.0,0.0,0.0,0.6666666666666666,0.0,1.9333333333333333,2.3333333333333335,0.3333333333333333,2.0,0.0,0.0,0.0,0.0,1.0,0.0,0.6666666666666666
E00024089,0.14285714285714285,35.0,0.42857142857142855,4.714285714285714,4.285714285714286,3.75,4.571428571428571,,4.0,4.428571428571429,4.428571428571429,4.428571428571429,4.714285714285714,2.0,1.8571428571428572,3.142857142857143,1.6666666666666667,0.5,0.0,3.0,9.428571428571429,9.0,8.857142857142858,5.0,1.1428571428571428,1.1428571428571428,1.1428571428571428,1.0,0.8571428571428571,7.142857142857143,54.0,0.0,0.2857142857142857,0.0,0.0,0.0,0.42857142857142855,0.2857142857142857,0.14285714285714285,0.14285714285714285,0.0,0.0,0.2857142857142857,0.0,0.0,0.0,0.0,0.0,0.0,0.0,0.0,0.0,0.14285714285714285,0.0,0.2857142857142857,0.14285714285714285,2.542857142857143,0.0,1.0,2.142857142857143,0.0,0.14285714285714285,0.0,0.0,0.8571428571428571,0.0,1.4285714285714286
E00024092,0.25,54.333333333333336,0.625,4.75,4.5,4.2,4.75,5.0,4.25,4.625,4.5,4.25,4.375,1.875,2.25,3.25,2.875,0.0,0.125,2.5,8.75,8.875,8.5,6.0,1.375,1.25,1.375,1.0,0.875,8.571428571428571,54.0,0.0,0.5,0.0,0.0,0.125,0.375,0.0,0.0,0.25,0.25,0.0,0.0,0.0,0.0,0.0,0.0,0.125,0.0,0.0,0.0,0.0,0.0,0.0,0.375,0.875,2.175,0.0,1.5,2.0,0.0,0.0,0.125,0.0,0.875,0.0,2.0
E00024100,0.375,56.5,0.625,4.5,4.25,4.0,4.5,,4.125,4.625,4.0,4.375,4.375,1.625,1.875,3.25,1.5,1.1666666666666667,0.0,3.0,8.875,9.125,8.75,5.875,1.1428571428571428,1.1428571428571428,1.1428571428571428,1.0,1.0,8.333333333333334,54.0,0.0,0.375,0.0,0.0,0.25,0.375,0.0,0.0,0.0,0.125,0.0,0.0,0.0,0.0,0.0,0.125,0.25,0.0,0.0,0.0,0.0,0.0,0.0,0.5,0.25,2.25625,0.0,1.125,1.5,0.0,0.0,0.125,0.0,0.875,0.0,1.375
E00024104,0.125,38.75,0.5,2.875,3.625,2.8333333333333335,4.0,2.0,2.5,3.875,2.75,3.5,2.625,2.25,3.0,2.5,2.25,0.0,0.25,3.0,9.375,8.875,9.0,3.375,1.4285714285714286,1.2857142857142858,1.2857142857142858,1.0,0.75,8.25,54.0,0.0,0.0,0.125,0.0,0.25,0.625,0.0,0.0,0.0,0.125,0.0,0.125,0.0,0.0,0.0,0.125,0.125,0.0,0.0,0.0,0.0,0.0,0.0,0.5,0.0,2.0625,1.25,0.875,2.1666666666666665,0.0,0.375,0.0,0.0,0.625,0.0,0.75
E00024109,0.0,44.666666666666664,0.6666666666666666,2.0,1.6666666666666667,2.0,2.3333333333333335,2.3333333333333335,2.0,1.6666666666666667,1.6666666666666667,2.0,1.6666666666666667,2.0,3.0,1.0,2.0,1.3333333333333333,0.0,3.0,9.0,9.0,8.666666666666666,2.6666666666666665,1.0,1.0,1.3333333333333333,1.0,1.0,8.0,1.0,0.0,0.0,0.0,0.0,0.0,1.0,0.0,0.0,0.0,0.0,0.0,0.0,0.0,0.0,0.6666666666666666,0.0,0.0,0.0,0.0,0.0,0.0,0.0,0.0,0.3333333333333333,0.0,1.8666666666666665,0.0,1.0,2.0,0.0,0.3333333333333333,0.0,0.0,0.6666666666666666,0.0,0.0
E00024119,0.0,49.0,0.5,2.25,1.75,2.0,2.5,2.25,2.25,1.5,1.75,2.5,1.5,2.0,3.0,1.5,2.25,0.5,0.0,3.0,9.5,8.0,8.25,2.75,1.0,1.0,1.0,1.0,1.0,9.0,16.0,0.25,0.0,0.25,0.0,0.0,0.5,0.0,0.0,0.0,0.0,0.0,0.0,0.0,0.0,0.0,0.0,0.0,0.0,0.0,0.0,0.0,0.0,0.25,0.75,0.0,1.95,0.0,1.0,2.0,0.0,0.5,0.0,0.0,0.5,0.0,0.0
E00024124,0.0,50.25,0.5,2.125,2.25,2.4285714285714284,2.25,2.0,2.25,2.25,2.0,2.125,1.875,2.25,3.25,1.75,2.875,0.25,0.25,3.0,9.0,8.75,8.25,2.75,1.1428571428571428,1.1428571428571428,1.1428571428571428,1.125,0.75,8.5,16.0,0.0,0.0,0.125,0.0,0.125,0.75,0.0,0.0,0.25,0.125,0.0,0.0,0.25,0.0,0.0,0.0,0.0,0.0,0.0,0.0,0.125,0.0,0.0,0.25,0.0,1.91875,1.0,0.75,1.8333333333333333,0.0,0.875,0.125,0.0,0.0,0.0,0.0
E00024127,0.0,35.857142857142854,0.42857142857142855,2.142857142857143,2.0,2.2,2.4285714285714284,1.5714285714285714,2.142857142857143,2.4285714285714284,2.5714285714285716,2.5714285714285716,1.8571428571428572,1.4285714285714286,4.0,1.1428571428571428,1.5714285714285714,0.0,0.0,3.0,8.285714285714286,8.285714285714286,8.285714285714286,6.0,1.1428571428571428,1.2857142857142858,1.2857142857142858,0.7142857142857143,0.5714285714285714,6.285714285714286,15.0,0.2857142857142857,0.0,0.0,0.0,0.0,0.7142857142857143,0.0,0.0,0.14285714285714285,0.0,0.0,0.0,0.0,0.0,0.14285714285714285,0.0,0.0,0.0,0.0,0.0,0.14285714285714285,0.0,0.0,0.5714285714285714,0.0,1.95,1.1428571428571428,0.8571428571428571,2.2,0.42857142857142855,0.2857142857142857,0.0,0.0,0.2857142857142857,0.0,0.0
E00024128,0.0,28.0,0.0,3.0,3.0,4.0,3.0,1.0,2.0,2.0,3.0,2.0,2.0,1.0,4.0,2.0,3.0,0.0,0.0,3.0,9.0,9.0,9.0,7.0,1.0,1.0,1.0,0.0,0.0,6.0,16.0,0.0,0.0,0.0,0.0,0.0,1.0,0.0,0.0,0.0,0.0,0.0,0.0,0.0,0.0,0.0,0.0,0.0,0.0,0.0,0.0,0.0,1.0,0.0,0.0,0.0,,1.0,0.0,,0.0,0.0,0.0,0.0,1.0,0.0,0.0
E00024134,0.125,47.625,0.625,1.75,2.375,1.5,2.5,1.0,2.125,2.375,2.0,2.25,1.5,2.125,2.5,1.875,2.25,0.75,0.375,3.0,9.375,8.75,8.375,3.25,1.125,1.125,1.125,1.125,1.0,8.875,16.0,0.0,0.0,0.125,0.0,0.125,0.5,0.25,0.0,0.0,0.0,0.0,0.0,0.125,0.0,0.0,0.0,0.0,0.0,0.0,0.0,0.125,0.0,0.0,0.625,0.0,2.08125,1.125,1.125,2.4,0.125,0.625,0.0,0.0,0.25,0.0,0.0
E00024137,0.125,38.0,0.5,2.0,2.125,2.0,2.125,1.5,2.25,2.25,1.875,2.125,1.625,2.375,3.25,2.125,1.5,0.0,0.0,2.875,8.875,9.0,8.625,2.0,1.25,1.125,1.25,1.0,0.75,7.5,15.0,0.25,0.0,0.125,0.0,0.0,0.625,0.0,0.0,0.0,0.125,0.0,0.0,0.25,0.0,0.125,0.0,0.0,0.0,0.0,0.0,0.0,0.125,0.0,0.375,0.0,2.2857142857142856,1.25,1.0,2.125,0.0,0.125,0.0,0.0,0.875,0.0,0.0
E00175183,0.0,39.125,0.625,2.25,2.625,2.25,2.375,2.25,2.25,2.0,2.375,1.75,2.375,2.125,3.125,2.125,5.25,0.75,0.0,2.75,9.5,8.0,8.25,3.75,1.375,1.125,1.0,1.0,0.875,8.0,15.375,0.125,0.0,0.0,0.0,0.0,0.625,0.25,0.0,0.0,0.0,0.0,0.0,0.0,0.0,0.0,0.25,0.0,0.25,0.0,0.0,0.0,0.0,0.0,0.5,0.25,1.9500000000000002,0.125,0.875,1.8571428571428572,0.0,0.125,0.125,0.125,0.5,0.125,1.625
E00175187,1.0,32.0,1.0,3.0,3.0,3.0,3.0,3.0,3.0,3.0,3.0,3.0,3.0,2.0,3.0,4.0,2.0,0.0,0.0,3.0,8.0,7.0,7.0,5.0,1.0,1.0,1.0,1.0,0.0,5.0,15.0,0.0,1.0,0.0,0.0,0.0,0.0,0.0,0.0,0.0,1.0,0.0,0.0,0.0,0.0,0.0,0.0,0.0,0.0,0.0,0.0,0.0,0.0,0.0,0.0,0.0,2.0,0.0,2.0,1.0,0.0,0.0,0.0,0.0,1.0,0.0,3.0
E00175202,0.0,64.5,0.0,5.0,4.5,5.0,5.0,5.0,5.0,5.0,5.0,5.0,5.0,2.0,3.0,4.5,2.0,0.0,0.0,3.0,8.0,6.5,7.5,7.5,1.0,1.0,1.0,1.5,1.0,7.5,16.0,0.0,0.0,0.0,0.0,1.0,0.0,0.0,0.0,0.0,0.0,0.0,0.0,0.0,0.0,0.0,0.0,0.0,0.0,0.0,0.0,0.0,0.0,0.0,1.0,0.0,3.0,1.0,1.0,1.5,0.0,0.0,0.0,0.0,1.0,0.0,0.0
E00175204,0.3333333333333333,45.666666666666664,0.6666666666666666,3.0,3.0,2.0,3.3333333333333335,2.3333333333333335,1.6666666666666667,3.3333333333333335,1.6666666666666667,3.0,3.0,2.0,2.6666666666666665,1.3333333333333333,3.3333333333333335,0.6666666666666666,0.3333333333333333,3.0,7.333333333333333,6.333333333333333,6.666666666666667,3.0,1.0,1.0,1.0,1.3333333333333333,0.6666666666666666,8.0,16.0,0.0,0.0,0.3333333333333333,0.0,0.0,0.3333333333333333,0.3333333333333333,0.0,0.0,0.0,0.0,0.0,0.0,0.0,0.3333333333333333,0.3333333333333333,0.0,0.0,0.0,0.0,0.0,0.0,0.0,0.3333333333333333,0.0,2.3333333333333335,0.0,0.6666666666666666,2.5,0.0,0.6666666666666666,0.0,0.0,0.0,0.3333333333333333,0.0
E00175205,0.0,22.0,1.0,3.0,3.0,3.0,2.5,2.5,2.5,2.5,1.5,3.0,2.5,2.0,2.5,2.0,3.0,0.0,0.0,3.0,10.0,8.5,9.0,2.0,1.0,1.0,1.0,1.0,1.0,9.0,16.0,1.0,0.0,0.0,0.0,0.0,0.0,0.0,0.0,0.0,0.0,0.0,0.0,0.0,0.0,0.0,0.0,0.0,0.0,0.0,0.0,0.0,0.0,0.0,1.0,0.0,2.3,0.0,0.5,2.0,0.0,0.0,0.0,0.0,1.0,0.0,1.0
E00175208,0.0,23.5,1.0,2.5,2.5,1.5,3.0,2.0,2.0,2.0,2.5,3.0,2.5,2.0,2.5,1.5,3.5,0.0,0.0,3.0,10.0,8.5,9.0,3.0,1.0,1.0,1.0,1.5,1.0,9.0,34.0,1.0,0.0,0.0,0.0,0.0,0.0,0.0,0.0,0.0,0.0,0.0,0.0,0.0,0.0,0.5,0.0,0.0,0.5,0.0,0.0,0.0,0.0,0.0,0.0,0.0,1.9,0.0,0.5,2.0,0.0,0.0,0.0,0.0,0.0,1.0,0.0
E00175210,0.0,44.125,0.625,4.625,4.125,3.5714285714285716,4.25,2.875,4.625,4.125,4.25,4.125,4.25,1.5,3.875,2.125,2.25,0.0,0.125,3.0,9.625,9.625,9.5,3.875,1.5,1.75,1.5,1.0,0.875,6.5,16.0,0.0,0.0,0.125,0.125,0.0,0.625,0.0,0.0,0.0,0.0,0.0,0.0,0.125,0.25,0.125,0.0,0.0,0.0,0.0,0.0,0.25,0.125,0.0,0.125,0.375,3.19375,0.125,1.0,2.1666666666666665,0.0,0.25,0.625,0.125,0.0,0.0,0.5
E00175214,0.25,37.625,0.5,1.625,2.25,1.2857142857142858,2.25,1.5,1.25,1.375,1.5,1.75,1.25,2.5,3.5,2.125,1.75,0.125,0.0,2.875,8.5,9.0,8.75,2.75,1.25,1.25,1.25,1.0,0.625,7.75,2.0,0.0,0.0,0.0,0.0,0.125,0.875,0.0,0.0,0.0,0.125,0.0,0.0,0.0,0.125,0.0,0.0,0.0,0.0,0.0,0.0,0.125,0.25,0.0,0.375,0.0,2.0,1.125,0.875,2.6,0.0,0.5,0.0,0.0,0.5,0.0,0.375
E00175225,0.0,42.4,0.8,5.0,4.6,5.0,5.0,4.6,5.0,5.0,5.0,5.0,5.0,3.0,3.0,3.0,2.4,0.2,0.0,3.0,9.0,8.8,8.2,8.4,1.4,1.2,1.2,1.2,1.0,8.0,15.0,0.0,0.0,0.0,0.0,0.0,1.0,0.0,0.0,0.0,0.0,0.0,0.0,0.0,0.0,0.0,0.0,0.0,0.2,0.0,0.0,0.0,0.0,0.0,0.8,0.0,2.6,1.0,1.0,2.0,0.0,0.0,0.0,0.2,0.8,0.0,0.0
E00175228,0.0,35.75,0.75,2.25,1.75,1.5,1.125,1.0,1.5,1.75,2.5,1.125,1.5,2.625,3.0,2.0,1.375,0.0,0.0,3.0,10.0,9.125,9.375,3.375,1.375,1.0,1.0,0.7142857142857143,0.5,5.875,15.0,0.25,0.0,0.0,0.0,0.0,0.75,0.0,0.0,0.125,0.125,0.0,0.125,0.0,0.125,0.0,0.0,0.0,0.0,0.125,0.0,0.125,0.0,0.0,0.25,0.0,2.0,0.75,0.5,1.6666666666666667,0.0,0.125,0.125,0.0,0.75,0.0,0.0
E00175237,0.0,33.0,0.75,3.0,2.5,2.25,2.75,2.25,2.0,2.5,2.5,3.0,2.5,2.25,3.0,1.75,2.75,0.25,0.0,3.0,9.25,9.25,8.75,4.0,1.0,1.25,1.0,1.0,0.75,8.5,35.5,0.0,0.0,0.0,0.0,0.0,1.0,0.0,0.0,0.0,0.0,0.25,0.0,0.0,0.0,0.25,0.0,0.0,0.0,0.0,0.0,0.0,0.0,0.0,0.5,0.0,1.95,0.0,1.25,2.25,0.0,0.25,0.25,0.0,0.5,0.0,1.0
E00175239,0.125,36.125,0.5,2.125,2.625,2.0,2.875,1.625,1.875,2.5,1.75,2.25,1.75,2.125,3.125,2.0,2.75,0.375,0.125,3.0,9.5,9.5,9.625,1.625,1.0,1.0,1.0,0.875,0.625,7.0,15.25,0.125,0.0,0.0,0.0,0.0,0.75,0.0,0.0,0.0,0.25,0.125,0.125,0.0,0.0,0.0,0.0,0.0,0.0,0.0,0.0,0.0,0.125,0.0,0.375,0.0,2.21875,0.875,0.625,2.0,0.0,0.25,0.0,0.0,0.75,0.0,0.0
E00175245,0.0,42.0,0.0,3.0,2.0,3.0,2.0,2.0,2.0,2.0,3.0,2.0,2.0,2.0,3.0,2.0,4.0,0.0,0.0,3.0,9.0,9.0,9.0,2.0,1.0,1.0,1.0,1.0,1.0,9.0,16.0,0.0,0.0,0.0,0.0,0.0,1.0,0.0,0.0,0.0,0.0,0.0,0.0,0.0,0.0,0.0,0.0,0.0,0.0,0.0,0.0,0.0,0.0,0.0,1.0,0.0,1.6,0.0,2.0,1.0,0.0,1.0,0.0,0.0,0.0,0.0,0.0
E00175246,0.0,46.0,0.0,5.0,4.0,,4.0,,4.0,4.0,4.0,4.0,4.0,2.0,2.0,2.0,1.0,,0.0,3.0,10.0,9.0,8.0,4.0,1.0,1.0,1.0,2.0,1.0,7.0,16.0,0.0,0.0,0.0,0.0,0.0,1.0,0.0,0.0,0.0,0.0,0.0,0.0,1.0,0.0,0.0,0.0,0.0,0.0,0.0,0.0,0.0,0.0,0.0,0.0,0.0,1.8,0.0,1.0,2.0,0.0,0.0,0.0,0.0,1.0,0.0,0.0
E00175253,0.0,60.333333333333336,0.3333333333333333,2.3333333333333335,3.3333333333333335,2.3333333333333335,2.3333333333333335,2.3333333333333335,2.3333333333333335,1.0,1.3333333333333333,1.3333333333333333,1.0,1.6666666666666667,3.0,3.0,1.3333333333333333,0.0,0.3333333333333333,3.0,8.0,9.333333333333334,10.0,3.6666666666666665,1.3333333333333333,1.0,1.3333333333333333,1.0,0.6666666666666666,8.666666666666666,15.0,0.0,0.0,0.6666666666666666,0.0,0.0,0.3333333333333333,0.0,0.0,0.3333333333333333,0.0,0.0,0.0,0.0,0.0,0.0,0.0,0.0,0.0,0.0,0.0,0.0,0.3333333333333333,0.0,0.3333333333333333,0.0,1.3333333333333333,0.6666666666666666,1.6666666666666667,1.6666666666666667,0.0,0.3333333333333333,0.0,0.0,0.6666666666666666,0.0,1.3333333333333333
E00175258,0.0,40.0,1.0,5.0,4.0,5.0,5.0,5.0,5.0,5.0,5.0,5.0,5.0,3.0,2.0,3.0,2.0,0.0,0.0,3.0,10.0,7.0,9.0,8.0,1.0,1.0,1.0,1.0,1.0,9.0,15.0,0.0,0.0,0.0,0.0,0.0,1.0,0.0,0.0,0.0,0.0,0.0,0.0,0.0,0.0,0.0,0.0,0.0,0.0,0.0,0.0,0.0,0.0,0.0,1.0,0.0,2.0,1.0,2.0,2.5,0.0,0.0,0.0,0.0,1.0,0.0,0.0
E00175259,0.5,,0.0,4.5,4.5,4.0,4.0,,3.5,4.0,3.5,4.0,4.0,2.0,3.0,2.5,1.5,0.0,0.0,3.0,9.5,9.5,10.0,7.5,1.0,1.0,1.0,0.5,0.5,4.0,16.0,0.0,0.0,0.0,0.0,0.5,0.5,0.0,0.0,0.0,0.0,0.0,0.0,0.0,0.0,0.0,0.0,0.0,0.0,0.0,0.0,0.0,0.0,0.0,1.0,0.0,1.8,0.0,0.5,2.0,0.0,0.0,0.0,0.0,1.0,0.0,0.0
E00175264,0.0,,1.0,5.0,5.0,4.0,4.0,,4.0,4.0,4.0,4.0,4.0,5.0,4.0,3.0,1.0,,0.0,3.0,10.0,10.0,9.0,5.0,1.0,1.0,1.0,1.0,1.0,9.0,16.0,0.0,0.0,0.0,0.0,0.0,1.0,0.0,0.0,0.0,0.0,0.0,0.0,0.0,0.0,0.0,0.0,0.0,0.0,0.0,0.0,0.0,0.0,0.0,1.0,1.0,1.8,0.0,1.0,2.0,0.0,0.0,0.0,0.0,1.0,0.0,0.0
E00175265,0.0,32.333333333333336,0.3333333333333333,3.3333333333333335,4.0,4.0,3.6666666666666665,2.3333333333333335,3.0,3.0,3.3333333333333335,3.0,3.3333333333333335,4.0,2.3333333333333335,4.666666666666667,4.333333333333333,0.3333333333333333,0.0,3.0,6.0,6.333333333333333,7.0,6.333333333333333,1.3333333333333333,1.3333333333333333,1.6666666666666667,0.6666666666666666,0.6666666666666666,6.333333333333333,55.0,0.3333333333333333,0.0,0.0,0.0,0.3333333333333333,0.3333333333333333,0.0,0.0,0.0,0.0,0.6666666666666666,0.0,0.0,0.0,0.0,0.0,0.0,0.0,0.0,0.0,0.0,0.3333333333333333,0.0,0.0,0.0,2.0,1.0,1.6666666666666667,2.0,0.0,0.0,0.0,0.0,0.6666666666666666,0.3333333333333333,0.0
E00175266,0.0,45.0,0.625,2.75,2.625,2.375,2.0,2.375,2.25,2.375,2.0,2.5,2.625,2.125,3.375,1.125,3.75,1.25,0.125,3.0,9.125,8.375,8.625,2.25,1.0,1.0,1.0,1.0,1.0,8.875,55.0,0.0,0.0,0.0,0.375,0.0,0.5,0.125,0.0,0.0,0.0,0.25,0.125,0.0,0.0,0.125,0.125,0.125,0.0,0.0,0.0,0.0,0.0,0.0,0.25,0.0,2.125,0.0,0.75,2.1666666666666665,0.0,0.375,0.0,0.0,0.625,0.0,0.0
E00175272,0.0,39.666666666666664,0.6666666666666666,4.333333333333333,4.333333333333333,4.333333333333333,4.666666666666667,3.3333333333333335,4.333333333333333,4.0,4.333333333333333,4.333333333333333,4.0,1.6666666666666667,3.3333333333333335,3.0,3.0,0.0,0.3333333333333333,2.3333333333333335,7.333333333333333,6.666666666666667,6.333333333333333,7.333333333333333,2.0,2.3333333333333335,2.0,1.0,0.6666666666666666,7.0,55.0,0.0,0.0,0.0,0.0,0.0,0.6666666666666666,0.3333333333333333,0.0,0.3333333333333333,0.0,0.0,0.0,0.0,0.0,0.3333333333333333,0.0,0.0,0.0,0.0,0.0,0.3333333333333333,0.0,0.0,0.0,0.0,2.0,1.0,1.3333333333333333,1.6666666666666667,0.0,0.0,0.0,0.0,1.0,0.0,2.3333333333333335
E00175278,0.0,39.5,0.3333333333333333,3.0,2.3333333333333335,4.333333333333333,3.3333333333333335,3.3333333333333335,3.0,3.0,2.3333333333333335,2.3333333333333335,3.0,1.6666666666666667,3.3333333333333335,2.3333333333333335,2.6666666666666665,0.3333333333333333,0.0,3.0,8.333333333333334,8.0,7.666666666666667,3.6666666666666665,1.0,1.0,1.0,0.6666666666666666,0.3333333333333333,5.0,54.0,0.3333333333333333,0.0,0.0,0.0,0.0,0.6666666666666666,0.0,0.0,0.0,0.0,0.0,0.0,0.0,0.0,0.0,0.3333333333333333,0.0,0.0,0.0,0.0,0.0,0.0,0.0,0.6666666666666666,0.0,3.375,0.6666666666666666,1.0,2.5,0.0,0.0,0.0,0.0,1.0,0.0,0.0
