OBJECTID,OA11CD,LAD11CD,LAD16CD,LAD16NM,Shape__Area,Shape__Length
22724,E00023412,E09000033,E09000033,Westminster,53407.9687652588,1552.00993353557
22725,E00023413,E09000033,E09000033,Westminster,49781.9671401978,1552.62154208901
22726,E00023414,E09000033,E09000033,Westminster,3406.60369110107,244.249182727064
22727,E00023415,E09000033,E09000033,Westminster,64663.0927276611,1485.31383836842
22728,E00023416,E09000033,E09000033,Westminster,3088.10143280029,273.224108781904
22729,E00023418,E09000033,E09000033,Westminster,18992.2249679565,655.922981323605
22730,E00023419,E09000033,E09000033,Westminster,27247.8009033203,1165.100503393
22731,E00023421,E09000033,E09000033,Westminster,5531.02733612061,313.842132260677
22732,E00023422,E09000033,E09000033,Westminster,56783.665222168,1609.81467768162
22733,E00023423,E09000033,E09000033,Westminster,9625.04469299316,470.928031383933
22734,E00023424,E09000033,E09000033,Westminster,14661.6592407227,701.004296520831
22735,E00023425,E09000033,E09000033,Westminster,34730.6974563599,1014.41391583726
22736,E00023426,E09000033,E09000033,Westminster,24395.6525115967,777.047496121992
22737,E00023427,E09000033,E09000033,Westminster,11478.8026428223,615.035255141268
22738,E00023428,E09000033,E09000033,Westminster,12259.3792114258,645.9088134609
22739,E00023429,E09000033,E09000033,Westminster,13050.8178482056,748.115195154305
22740,E00023430,E09000033,E09000033,Westminster,2495.65725708008,233.689678813121
22741,E00023431,E09000033,E09000033,Westminster,53616.0696334839,1153.96388150296
22742,E00023432,E09000033,E09000033,Westminster,20107.8311157227,931.200387064913
22743,E00023433,E09000033,E09000033,Westminster,33485.098487854,918.877227331243
22744,E00023434,E09000033,E09000033,Westminster,15821.8291931152,797.122884758727
22745,E00023435,E09000033,E09000033,Westminster,64719.8273773193,1281.75972269613
22746,E00023436,E09000033,E09000033,Westminster,92144.6132659912,1819.38017712782
22747,E00023437,E09000033,E09000033,Westminster,38031.6745910645,1205.34406709231
22748,E00023438,E09000033,E09000033,Westminster,47568.9859237671,1144.79276184841
22749,E00023439,E09000033,E09000033,Westminster,20274.9738616943,714.977550062673
22750,E00023440,E09000033,E09000033,Westminster,35389.3710174561,1073.3213747965
22751,E00023441,E09000033,E09000033,Westminster,43546.6912918091,1260.07011108062
22752,E00023442,E09000033,E09000033,Westminster,23517.3235931396,992.061294208665
22753,E00023443,E09000033,E09000033,Westminster,14906.3704910278,802.088860084974
22754,E00023444,E09000033,E09000033,Westminster,18150.0656509399,653.319587617519
22755,E00023445,E09000033,E09000033,Westminster,42135.8531188965,1120.82172363599
22756,E00023446,E09000033,E09000033,Westminster,10255.7227935791,615.29801496321
22757,E00023447,E09000033,E09000033,Westminster,35161.1714019775,1114.71774008415
22758,E00023448,E09000033,E09000033,Westminster,30772.076171875,1477.37678323597
22759,E00023449,E09000033,E09000033,Westminster,33055.6779251099,1086.30267117242
22760,E00023450,E09000033,E09000033,Westminster,38914.1522827148,923.659523287267
22761,E00023451,E09000033,E09000033,Westminster,14328.3632965088,508.215353115435
22762,E00023452,E09000033,E09000033,Westminster,13729.2906341553,533.29962823357
22763,E00023453,E09000033,E09000033,Westminster,9034.73706817627,558.269049722949
22764,E00023454,E09000033,E09000033,Westminster,9737.17412567139,615.424417105252
22765,E00023455,E09000033,E09000033,Westminster,14726.6190185547,690.86264576439
22766,E00023456,E09000033,E09000033,Westminster,9101.80205535889,435.105861217875
22767,E00023458,E09000033,E09000033,Westminster,11178.6974868774,494.632256112572
22768,E00023459,E09000033,E09000033,Westminster,48500.1897888184,971.769666226831
22769,E00023460,E09000033,E09000033,Westminster,5419.04445648193,423.566781006537
22770,E00023461,E09000033,E09000033,Westminster,7531.09799957275,477.824254596262
22771,E00023462,E09000033,E09000033,Westminster,7497.77841186523,390.999022567331
22772,E00023463,E09000033,E09000033,Westminster,8693.87826538086,476.836444596774
22773,E00023464,E09000033,E09000033,Westminster,8042.97145080566,448.934510492809
22774,E00023465,E09000033,E09000033,Westminster,13094.9745559692,600.751690545046
22775,E00023466,E09000033,E09000033,Westminster,14596.704208374,627.859416073216
22776,E00023467,E09000033,E09000033,Westminster,15426.5255966187,681.741596265721
22777,E00023468,E09000033,E09000033,Westminster,11841.7854232788,584.622038968909
22778,E00023469,E09000033,E09000033,Westminster,4224.68780517578,345.312312553145
22779,E00023470,E09000033,E09000033,Westminster,16521.0793151855,695.86805872635
22780,E00023471,E09000033,E09000033,Westminster,10061.5063781738,705.930566611387
22781,E00023472,E09000033,E09000033,Westminster,10137.5550460815,528.214505608873
22782,E00023473,E09000033,E09000033,Westminster,9719.05912780762,765.738630597419
22783,E00023474,E09000033,E09000033,Westminster,1682.88700866699,165.13350721477
22784,E00023475,E09000033,E09000033,Westminster,10377.0363006592,438.935191459524
22785,E00023476,E09000033,E09000033,Westminster,27958.9454269409,1025.44356644216
22786,E00023477,E09000033,E09000033,Westminster,13638.1036224365,726.765822782675
22787,E00023478,E09000033,E09000033,Westminster,15499.7222137451,759.068417128104
22788,E00023479,E09000033,E09000033,Westminster,12378.3599472046,656.792823866341
22789,E00023480,E09000033,E09000033,Westminster,17217.884803772,688.140994497427
22790,E00023481,E09000033,E09000033,Westminster,16354.8221664429,608.465338864221
22791,E00023482,E09000033,E09000033,Westminster,10176.8489761353,492.423574094175
22792,E00023483,E09000033,E09000033,Westminster,42119.104385376,1340.30584854277
22793,E00023484,E09000033,E09000033,Westminster,14171.690574646,582.838373650352
22794,E00023485,E09000033,E09000033,Westminster,2706.27393341064,286.175343839907
22795,E00023486,E09000033,E09000033,Westminster,16267.7563018799,800.285450330412
22796,E00023487,E09000033,E09000033,Westminster,17494.5406265259,597.39079450806
22797,E00023488,E09000033,E09000033,Westminster,18673.7111206055,679.167059439198
22798,E00023489,E09000033,E09000033,Westminster,7934.68605041504,602.159701520471
22799,E00023490,E09000033,E09000033,Westminster,61888.7703170776,1513.82767862733
22800,E00023491,E09000033,E09000033,Westminster,13075.8048706055,717.441123523167
22801,E00023492,E09000033,E09000033,Westminster,7031.81736755371,401.434248852991
22802,E00023493,E09000033,E09000033,Westminster,7178.52278900146,375.776612614139
22803,E00023494,E09000033,E09000033,Westminster,26467.6228256226,824.46300906631
22804,E00023495,E09000033,E09000033,Westminster,13962.5085296631,688.28425362026
22805,E00023496,E09000033,E09000033,Westminster,10136.8734359741,638.693505554519
22806,E00023497,E09000033,E09000033,Westminster,11582.1570205688,570.587731783525
22807,E00023498,E09000033,E09000033,Westminster,15758.0073242188,889.269903116088
22808,E00023499,E09000033,E09000033,Westminster,20111.0558700562,1026.55242154559
22809,E00023500,E09000033,E09000033,Westminster,17666.5353164673,834.115297555647
22810,E00023501,E09000033,E09000033,Westminster,16792.0524291992,697.704421795245
22811,E00023502,E09000033,E09000033,Westminster,25071.4346847534,1092.06298928331
22812,E00023503,E09000033,E09000033,Westminster,17659.4672775269,793.510609945966
22813,E00023504,E09000033,E09000033,Westminster,14450.783782959,688.0972103457
22814,E00023505,E09000033,E09000033,Westminster,16954.6155853271,1161.13626718974
22815,E00023506,E09000033,E09000033,Westminster,16526.3717727661,1112.93321411558
22816,E00023507,E09000033,E09000033,Westminster,8872.79238128662,404.197829214576
22817,E00023508,E09000033,E09000033,Westminster,16294.3121490479,743.347575775186
22818,E00023509,E09000033,E09000033,Westminster,27463.7196426392,957.608219563786
22819,E00023510,E09000033,E09000033,Westminster,40326.4210281372,1077.28190496248
22820,E00023511,E09000033,E09000033,Westminster,1442.51728820801,154.509658891546
22821,E00023512,E09000033,E09000033,Westminster,12680.8556365967,660.2597016901
22822,E00023513,E09000033,E09000033,Westminster,5886.70916748047,480.160083782051
22823,E00023514,E09000033,E09000033,Westminster,10423.7936706543,505.931484189054
22824,E00023515,E09000033,E09000033,Westminster,7829.58896636963,583.055920129865
22825,E00023516,E09000033,E09000033,Westminster,13295.5144348145,763.37353716143
22826,E00023517,E09000033,E09000033,Westminster,38395.8709259033,1064.55468313144
22827,E00023518,E09000033,E09000033,Westminster,10975.8200759888,665.389243556812
22828,E00023519,E09000033,E09000033,Westminster,34340.16065979,836.293450923236
22829,E00023520,E09000033,E09000033,Westminster,7855.5333404541,598.447020039508
22830,E00023521,E09000033,E09000033,Westminster,7921.07070159912,358.443657066619
22831,E00023522,E09000033,E09000033,Westminster,15306.9160919189,692.061688585622
22832,E00023523,E09000033,E09000033,Westminster,14850.3143081665,630.139794750126
22833,E00023524,E09000033,E09000033,Westminster,7851.44708251953,378.092122090962
22834,E00023525,E09000033,E09000033,Westminster,15323.8047409058,950.529685358271
22835,E00023526,E09000033,E09000033,Westminster,15813.166595459,754.498575698961
22836,E00023527,E09000033,E09000033,Westminster,17994.8534317017,855.13897719689
22837,E00023528,E09000033,E09000033,Westminster,7222.18165588379,611.036874166319
22838,E00023529,E09000033,E09000033,Westminster,11709.9136505127,772.617253718709
22839,E00023530,E09000033,E09000033,Westminster,10198.0430297852,571.590032758317
22840,E00023531,E09000033,E09000033,Westminster,5790.20126342773,403.360531968504
22841,E00023532,E09000033,E09000033,Westminster,12761.0937271118,497.354628537966
22842,E00023533,E09000033,E09000033,Westminster,21458.8442306519,862.667263743932
22843,E00023534,E09000033,E09000033,Westminster,39180.2806167603,1167.44553722996
22844,E00023535,E09000033,E09000033,Westminster,19929.7933044434,697.999821069222
22845,E00023536,E09000033,E09000033,Westminster,11266.8042984009,501.497563009494
22846,E00023537,E09000033,E09000033,Westminster,12094.3076248169,646.76039299988
22847,E00023538,E09000033,E09000033,Westminster,22065.8810806274,2261.77743324605
22848,E00023539,E09000033,E09000033,Westminster,22577.7985458374,658.221131805776
22849,E00023540,E09000033,E09000033,Westminster,15667.5655822754,639.995326254512
22850,E00023541,E09000033,E09000033,Westminster,6301.35003662109,457.611621230403
22851,E00023542,E09000033,E09000033,Westminster,5213.4754486084,369.777431754663
22852,E00023543,E09000033,E09000033,Westminster,11155.2067489624,526.595819324356
22853,E00023544,E09000033,E09000033,Westminster,10749.0348205566,495.080210117621
22854,E00023545,E09000033,E09000033,Westminster,10727.4184341431,534.735729781043
22855,E00023546,E09000033,E09000033,Westminster,12490.8667984009,749.260237773891
22856,E00023547,E09000033,E09000033,Westminster,12188.7660980225,561.252992333769
22857,E00023548,E09000033,E09000033,Westminster,5840.01570892334,449.250083025861
22858,E00023549,E09000033,E09000033,Westminster,3438.33673858643,233.587602003122
22859,E00023550,E09000033,E09000033,Westminster,14222.3445510864,592.692090220705
22860,E00023551,E09000033,E09000033,Westminster,10239.941696167,464.777171392691
22861,E00023552,E09000033,E09000033,Westminster,5972.763671875,358.946380574004
22862,E00023554,E09000033,E09000033,Westminster,10189.8345413208,696.613878256053
22863,E00023555,E09000033,E09000033,Westminster,12078.178024292,543.734513378202
22864,E00023556,E09000033,E09000033,Westminster,12805.6638412476,705.172057131491
22865,E00023557,E09000033,E09000033,Westminster,18990.1156463623,881.104885641821
22866,E00023558,E09000033,E09000033,Westminster,12848.9486160278,487.493813105488
22867,E00023559,E09000033,E09000033,Westminster,50804.2489242554,1470.98340008044
22868,E00023560,E09000033,E09000033,Westminster,28664.6722259521,1204.37040853112
22869,E00023561,E09000033,E09000033,Westminster,12426.1756591797,609.834692847604
22870,E00023562,E09000033,E09000033,Westminster,3720.53777313232,268.444378885172
22871,E00023564,E09000033,E09000033,Westminster,9997.12316131592,519.14739213547
22872,E00023565,E09000033,E09000033,Westminster,22446.9969024658,716.519685528299
22873,E00023566,E09000033,E09000033,Westminster,19788.6881866455,722.301700440483
22874,E00023567,E09000033,E09000033,Westminster,21001.1260223389,636.662424998609
22875,E00023569,E09000033,E09000033,Westminster,14998.718208313,782.809728458279
22876,E00023570,E09000033,E09000033,Westminster,13655.046295166,531.097742724534
22877,E00023571,E09000033,E09000033,Westminster,10140.0693283081,528.308325690375
22878,E00023572,E09000033,E09000033,Westminster,31156.6717224121,1532.05327019843
22879,E00023573,E09000033,E09000033,Westminster,8168.05176544189,633.95513100009
22880,E00023574,E09000033,E09000033,Westminster,18676.7175750732,804.055922338013
22881,E00023575,E09000033,E09000033,Westminster,34703.6994857788,1144.46362861653
22882,E00023576,E09000033,E09000033,Westminster,12790.6178207397,506.714631284519
22883,E00023577,E09000033,E09000033,Westminster,14316.2722702026,508.553712844672
22884,E00023578,E09000033,E09000033,Westminster,21834.2209320068,909.14004956701
22885,E00023579,E09000033,E09000033,Westminster,6192.57615661621,396.98514399301
22886,E00023580,E09000033,E09000033,Westminster,13799.9487533569,487.249626743154
22887,E00023581,E09000033,E09000033,Westminster,20648.2312011719,873.726771309196
22888,E00023585,E09000033,E09000033,Westminster,23257.2719802856,940.287665284371
22889,E00023586,E09000033,E09000033,Westminster,18074.3784637451,619.345169535191
22890,E00023587,E09000033,E09000033,Westminster,13998.0083465576,712.859012728332
22891,E00023588,E09000033,E09000033,Westminster,15354.3404388428,546.088195737377
22892,E00023589,E09000033,E09000033,Westminster,11874.0365142822,753.660234875894
22893,E00023590,E09000033,E09000033,Westminster,12841.886177063,597.18872898261
22894,E00023591,E09000033,E09000033,Westminster,15443.9571838379,841.668129556651
22895,E00023592,E09000033,E09000033,Westminster,21372.9189834595,755.44577465427
22896,E00023593,E09000033,E09000033,Westminster,16143.1080703735,640.479269835469
22897,E00023595,E09000033,E09000033,Westminster,24722.9027099609,1017.70130692342
22898,E00023596,E09000033,E09000033,Westminster,13466.5381774902,610.857967070715
22899,E00023597,E09000033,E09000033,Westminster,11702.4130554199,519.436790343149
22900,E00023598,E09000033,E09000033,Westminster,13005.5782775879,571.489765059436
22901,E00023599,E09000033,E09000033,Westminster,7325.25898742676,463.164253001553
22902,E00023600,E09000033,E09000033,Westminster,9786.24954986572,476.412785244569
22903,E00023601,E09000033,E09000033,Westminster,21696.864616394,1050.79013473918
22904,E00023602,E09000033,E09000033,Westminster,10038.4683761597,409.371720667818
22905,E00023603,E09000033,E09000033,Westminster,14911.6761169434,734.587935770825
22906,E00023604,E09000033,E09000033,Westminster,17158.5155258179,786.474763593973
22907,E00023605,E09000033,E09000033,Westminster,23192.0336837769,954.069715215913
22908,E00023606,E09000033,E09000033,Westminster,23254.9534988403,1121.94004525867
22909,E00023608,E09000033,E09000033,Westminster,10528.7938308716,556.655699143973
22910,E00023609,E09000033,E09000033,Westminster,10931.8060455322,518.167119329901
22911,E00023610,E09000033,E09000033,Westminster,11653.2257995605,595.605246399082
22912,E00023611,E09000033,E09000033,Westminster,7425.95944976807,470.485762335226
22913,E00023612,E09000033,E09000033,Westminster,22038.3900527954,815.319058157831
22914,E00023613,E09000033,E09000033,Westminster,8547.05512237549,433.500395314986
22915,E00023614,E09000033,E09000033,Westminster,17834.4981384277,807.659058610816
22916,E00023615,E09000033,E09000033,Westminster,15363.2236175537,746.315076083666
22917,E00023616,E09000033,E09000033,Westminster,10910.9883956909,817.365364030667
22918,E00023617,E09000033,E09000033,Westminster,5492.16993713379,378.086250660768
22919,E00023618,E09000033,E09000033,Westminster,31071.1734542847,1328.81557405259
22920,E00023619,E09000033,E09000033,Westminster,46740.9923782349,1227.81211104857
22921,E00023620,E09000033,E09000033,Westminster,22941.6376037598,1065.48946240245
22922,E00023621,E09000033,E09000033,Westminster,8149.99453735352,475.960268251574
22923,E00023622,E09000033,E09000033,Westminster,32063.0888442993,865.092854873395
22924,E00023623,E09000033,E09000033,Westminster,30234.9384307861,938.157019383151
22925,E00023624,E09000033,E09000033,Westminster,10504.7859039307,563.705895375819
22926,E00023625,E09000033,E09000033,Westminster,30086.5553817749,1042.11034951267
22927,E00023626,E09000033,E09000033,Westminster,9745.49559020996,547.927220387698
22928,E00023627,E09000033,E09000033,Westminster,11169.6764907837,625.636263234323
22929,E00023628,E09000033,E09000033,Westminster,9867.04628753662,642.153357128762
22930,E00023629,E09000033,E09000033,Westminster,11902.0142745972,663.221799524849
22931,E00023630,E09000033,E09000033,Westminster,9533.76177978516,458.485677023614
22932,E00023631,E09000033,E09000033,Westminster,12233.5084686279,556.192132403699
22933,E00023632,E09000033,E09000033,Westminster,19685.6604232788,881.8909577853
22934,E00023633,E09000033,E09000033,Westminster,18304.1079483032,625.97913977741
22935,E00023634,E09000033,E09000033,Westminster,30383.4268264771,1038.3253430169
22936,E00023635,E09000033,E09000033,Westminster,11145.288269043,547.879635451659
22937,E00023636,E09000033,E09000033,Westminster,25029.1535644531,922.916807373114
22938,E00023637,E09000033,E09000033,Westminster,32059.3232955933,1084.38351038467
22939,E00023638,E09000033,E09000033,Westminster,4852.13544464111,306.763522880247
22940,E00023639,E09000033,E09000033,Westminster,11223.6778030396,595.404951410362
22941,E00023640,E09000033,E09000033,Westminster,25229.419342041,1096.78463930295
22942,E00023641,E09000033,E09000033,Westminster,18388.1669692993,712.954166121683
22943,E00023643,E09000033,E09000033,Westminster,17797.4510498047,593.786546059681
22944,E00023644,E09000033,E09000033,Westminster,11634.8298339844,658.437707199277
22945,E00023646,E09000033,E09000033,Westminster,9580.42874908447,495.692609240168
22946,E00023647,E09000033,E09000033,Westminster,23785.2303619385,983.045000538631
22947,E00023648,E09000033,E09000033,Westminster,17442.2721786499,591.175719676222
22948,E00023649,E09000033,E09000033,Westminster,12182.6463165283,683.076877250332
22949,E00023650,E09000033,E09000033,Westminster,10336.6016769409,484.861784991251
22950,E00023651,E09000033,E09000033,Westminster,17035.11328125,788.791275557856
22951,E00023652,E09000033,E09000033,Westminster,9472.23358917236,692.466506638654
22952,E00023653,E09000033,E09000033,Westminster,6366.91229248047,409.758993940167
22953,E00023655,E09000033,E09000033,Westminster,10300.1881790161,517.381213636429
22954,E00023656,E09000033,E09000033,Westminster,6598.05793762207,403.925277493418
22955,E00023657,E09000033,E09000033,Westminster,48544.0736999512,1772.86954084645
22956,E00023658,E09000033,E09000033,Westminster,57054.0388336182,2016.82712542066
22957,E00023659,E09000033,E09000033,Westminster,12073.5788574219,654.423088985404
22958,E00023660,E09000033,E09000033,Westminster,22126.7945251465,674.551380488839
22959,E00023661,E09000033,E09000033,Westminster,25798.0034637451,1115.58296189809
22960,E00023662,E09000033,E09000033,Westminster,30243.0108718872,1230.84603059908
22961,E00023663,E09000033,E09000033,Westminster,14496.0173492432,672.983892426042
22962,E00023664,E09000033,E09000033,Westminster,29999.236869812,1136.8529570994
22963,E00023665,E09000033,E09000033,Westminster,19863.1565856934,1032.5003107763
22964,E00023666,E09000033,E09000033,Westminster,29467.4681777954,1258.9672141481
22965,E00023668,E09000033,E09000033,Westminster,25640.9944839478,1238.85350884985
22966,E00023669,E09000033,E09000033,Westminster,197084.58669281,2892.7423271411
22967,E00023670,E09000033,E09000033,Westminster,44218.1646728516,1029.08385748959
22968,E00023671,E09000033,E09000033,Westminster,30831.9362030029,1222.60081683804
22969,E00023672,E09000033,E09000033,Westminster,29140.0033187866,843.379844955202
22970,E00023674,E09000033,E09000033,Westminster,13194.0381240845,689.054385906779
22971,E00023675,E09000033,E09000033,Westminster,12519.9523544312,670.993712880839
22972,E00023676,E09000033,E09000033,Westminster,63684.6146087646,1844.2114611051
22973,E00023678,E09000033,E09000033,Westminster,13528.988861084,656.987870751542
22974,E00023679,E09000033,E09000033,Westminster,17351.5190124512,697.321331879743
22975,E00023680,E09000033,E09000033,Westminster,14853.6142730713,688.823868872163
22976,E00023681,E09000033,E09000033,Westminster,43973.0235290527,1141.60422398457
22977,E00023682,E09000033,E09000033,Westminster,49705.4494781494,1435.32929634938
22978,E00023684,E09000033,E09000033,Westminster,13684.8453598022,723.876439449696
22979,E00023685,E09000033,E09000033,Westminster,10604.0594100952,531.86668622829
22980,E00023686,E09000033,E09000033,Westminster,24036.4351425171,986.273082479169
22981,E00023687,E09000033,E09000033,Westminster,19023.2300109863,946.043261880156
22982,E00023688,E09000033,E09000033,Westminster,29529.2665023804,1413.72834222685
22983,E00023689,E09000033,E09000033,Westminster,56925.1958389282,1349.04906943275
22984,E00023690,E09000033,E09000033,Westminster,14550.5056152344,869.611098993719
22985,E00023691,E09000033,E09000033,Westminster,11345.9254150391,568.480095859947
22986,E00023692,E09000033,E09000033,Westminster,10658.5633010864,514.351483739653
22987,E00023694,E09000033,E09000033,Westminster,8691.29140472412,513.072084440328
22988,E00023695,E09000033,E09000033,Westminster,9836.35592651367,493.864272203043
22989,E00023696,E09000033,E09000033,Westminster,11374.5980148315,697.589358028975
22990,E00023697,E09000033,E09000033,Westminster,31731.0843734741,1214.507493482
22991,E00023698,E09000033,E09000033,Westminster,9017.83582305908,484.037709373899
22992,E00023699,E09000033,E09000033,Westminster,20724.1570892334,938.07180538934
22993,E00023700,E09000033,E09000033,Westminster,21205.7004928589,887.468896099345
22994,E00023701,E09000033,E09000033,Westminster,3033.05122375488,220.124702324121
22995,E00023702,E09000033,E09000033,Westminster,11879.2701721191,713.830900460924
22996,E00023703,E09000033,E09000033,Westminster,16156.7701797485,713.955447398588
22997,E00023704,E09000033,E09000033,Westminster,9588.66696929932,709.250709420909
22998,E00023705,E09000033,E09000033,Westminster,1099.49033355713,136.84388116537
22999,E00023706,E09000033,E09000033,Westminster,18218.0088348389,703.239309888511
23000,E00023707,E09000033,E09000033,Westminster,7292.99367523193,421.737631431598
23001,E00023708,E09000033,E09000033,Westminster,10385.1262512207,638.966086659017
23002,E00023709,E09000033,E09000033,Westminster,12420.9920196533,506.752395107991
23003,E00023710,E09000033,E09000033,Westminster,7715.49633026123,421.860211425762
23004,E00023711,E09000033,E09000033,Westminster,15246.2454147339,840.750184636014
23005,E00023712,E09000033,E09000033,Westminster,4889.38220977783,400.95971856742
23006,E00023713,E09000033,E09000033,Westminster,8333.81871032715,461.831987787664
23007,E00023714,E09000033,E09000033,Westminster,34237.5617980957,846.747737248509
23008,E00023715,E09000033,E09000033,Westminster,9341.33190155029,485.064353793749
23009,E00023716,E09000033,E09000033,Westminster,9840.89037322998,548.21245529174
23010,E00023717,E09000033,E09000033,Westminster,3310.14060974121,275.515607029177
23011,E00023718,E09000033,E09000033,Westminster,7511.51660919189,462.176046489982
23012,E00023719,E09000033,E09000033,Westminster,5826.93579101563,506.283388555414
23013,E00023720,E09000033,E09000033,Westminster,25156.2928161621,1135.96489464226
23014,E00023721,E09000033,E09000033,Westminster,14401.7188110352,615.413032674882
23015,E00023722,E09000033,E09000033,Westminster,1361.11333465576,147.059360282217
23016,E00023723,E09000033,E09000033,Westminster,10938.8193130493,559.007331769409
23017,E00023724,E09000033,E09000033,Westminster,14976.5767822266,659.762334087898
23018,E00023725,E09000033,E09000033,Westminster,10414.1823806763,504.881190192943
23019,E00023726,E09000033,E09000033,Westminster,6804.45724487305,405.621814533498
23020,E00023727,E09000033,E09000033,Westminster,19447.9547805786,733.093634003194
23021,E00023728,E09000033,E09000033,Westminster,13516.3136901855,699.711118033393
23022,E00023729,E09000033,E09000033,Westminster,9614.49157714844,423.688579778705
23023,E00023730,E09000033,E09000033,Westminster,4283.42467498779,323.872430273687
23024,E00023731,E09000033,E09000033,Westminster,13278.7076873779,715.873409220106
23025,E00023732,E09000033,E09000033,Westminster,8997.37878417969,461.766265979766
23026,E00023733,E09000033,E09000033,Westminster,16013.856880188,646.05512247542
23027,E00023734,E09000033,E09000033,Westminster,29909.3986740112,860.386668543739
23028,E00023737,E09000033,E09000033,Westminster,6765.27877044678,406.828385942751
23029,E00023738,E09000033,E09000033,Westminster,10323.3529510498,441.060644587715
23030,E00023739,E09000033,E09000033,Westminster,18302.4066009521,843.728790261742
23031,E00023740,E09000033,E09000033,Westminster,26018.6551055908,997.264557218912
23032,E00023741,E09000033,E09000033,Westminster,6221.05849456787,443.418149729585
23033,E00023744,E09000033,E09000033,Westminster,19145.3635940552,735.815272632178
23034,E00023745,E09000033,E09000033,Westminster,23158.0831680298,994.623556921238
23035,E00023746,E09000033,E09000033,Westminster,33722.4522705078,1212.83346590073
23036,E00023747,E09000033,E09000033,Westminster,12398.7371826172,621.10590008575
23037,E00023748,E09000033,E09000033,Westminster,12445.3619384766,645.035297572174
23038,E00023749,E09000033,E09000033,Westminster,18594.6858520508,661.12043950958
23039,E00023750,E09000033,E09000033,Westminster,8340.00149536133,503.491734433387
23040,E00023751,E09000033,E09000033,Westminster,8116.44596862793,491.21273031945
23041,E00023752,E09000033,E09000033,Westminster,11025.7788772583,484.889507566019
23042,E00023753,E09000033,E09000033,Westminster,16800.5528411865,609.963199677619
23043,E00023754,E09000033,E09000033,Westminster,11192.5640792847,451.47590125202
23044,E00023755,E09000033,E09000033,Westminster,38422.3833084106,989.875968239058
23045,E00023756,E09000033,E09000033,Westminster,18811.2033004761,582.023393431161
23046,E00023757,E09000033,E09000033,Westminster,7390.35410308838,401.829266021211
23047,E00023758,E09000033,E09000033,Westminster,41102.3771209717,1084.56121335914
23048,E00023759,E09000033,E09000033,Westminster,46276.3118972778,1305.77088955489
23049,E00023760,E09000033,E09000033,Westminster,12452.3775787354,527.598247550883
23050,E00023761,E09000033,E09000033,Westminster,12732.6204681396,632.350138371024
23051,E00023762,E09000033,E09000033,Westminster,52572.7367782593,1101.90793192385
23052,E00023763,E09000033,E09000033,Westminster,22264.8034362793,703.291410601975
23053,E00023764,E09000033,E09000033,Westminster,39514.3850402832,997.802297828378
23054,E00023765,E09000033,E09000033,Westminster,12107.1645355225,505.8484407642
23055,E00023766,E09000033,E09000033,Westminster,10428.9852828979,455.431818090303
23056,E00023767,E09000033,E09000033,Westminster,7256.61205291748,385.138543321555
23057,E00023768,E09000033,E09000033,Westminster,4448.47932434082,338.531491576625
23058,E00023769,E09000033,E09000033,Westminster,11445.2505187988,468.568966601256
23059,E00023770,E09000033,E09000033,Westminster,8655.10576629639,506.142707300147
23060,E00023771,E09000033,E09000033,Westminster,16419.3068389893,622.246416708971
23061,E00023772,E09000033,E09000033,Westminster,6014.76097106934,408.675382366748
23062,E00023773,E09000033,E09000033,Westminster,8132.50160980225,530.427478564672
23063,E00023774,E09000033,E09000033,Westminster,13517.5996704102,511.139642502393
23064,E00023775,E09000033,E09000033,Westminster,6373.03955841064,406.709330167954
23065,E00023776,E09000033,E09000033,Westminster,7126.29965209961,477.970472412613
23066,E00023777,E09000033,E09000033,Westminster,8014.81047058105,426.618869261444
23067,E00023778,E09000033,E09000033,Westminster,8790.48638916016,396.651065606497
23068,E00023779,E09000033,E09000033,Westminster,16807.5546264648,783.61804006042
23069,E00023780,E09000033,E09000033,Westminster,10609.0004959106,491.567768605522
23070,E00023781,E09000033,E09000033,Westminster,12542.543586731,577.009804819266
23071,E00023782,E09000033,E09000033,Westminster,18897.4102478027,689.410729361022
23072,E00023783,E09000033,E09000033,Westminster,10246.3640289307,495.990494735974
23073,E00023784,E09000033,E09000033,Westminster,9197.73847198486,484.696323961594
23074,E00023785,E09000033,E09000033,Westminster,19826.9916000366,643.926582423145
23075,E00023786,E09000033,E09000033,Westminster,10763.2537994385,591.936824553631
23076,E00023787,E09000033,E09000033,Westminster,15385.4334335327,607.922343304609
23077,E00023788,E09000033,E09000033,Westminster,5808.39696502686,353.418188557654
23078,E00023789,E09000033,E09000033,Westminster,19775.8600540161,786.57169671642
23079,E00023790,E09000033,E09000033,Westminster,19610.6987991333,697.362154980477
23080,E00023791,E09000033,E09000033,Westminster,24551.4906692505,826.861673465814
23081,E00023792,E09000033,E09000033,Westminster,12165.0770187378,613.630918145109
23082,E00023793,E09000033,E09000033,Westminster,55782.2502975464,1439.61883547949
23083,E00023794,E09000033,E09000033,Westminster,6025.69443511963,357.745183011255
23084,E00023795,E09000033,E09000033,Westminster,15704.6845169067,768.924697639558
23085,E00023796,E09000033,E09000033,Westminster,19519.0379180908,650.79782788278
23086,E00023797,E09000033,E09000033,Westminster,14218.1032562256,719.330071828581
23087,E00023798,E09000033,E09000033,Westminster,12759.1460723877,610.464042620851
23088,E00023799,E09000033,E09000033,Westminster,8725.77529907227,532.966729317686
23089,E00023800,E09000033,E09000033,Westminster,17445.6523284912,823.47921542621
23090,E00023801,E09000033,E09000033,Westminster,27608.1921157837,823.937841904759
23091,E00023802,E09000033,E09000033,Westminster,24052.051071167,781.874569968982
23092,E00023803,E09000033,E09000033,Westminster,12719.4923400879,513.359782378587
23093,E00023804,E09000033,E09000033,Westminster,11262.6712188721,655.697679262792
23094,E00023805,E09000033,E09000033,Westminster,31306.8544998169,1028.96055873363
23095,E00023806,E09000033,E09000033,Westminster,84670.9994430542,1652.81445936242
23096,E00023807,E09000033,E09000033,Westminster,10862.294090271,588.450476194398
23097,E00023808,E09000033,E09000033,Westminster,9948.76322937012,532.094881538316
23098,E00023809,E09000033,E09000033,Westminster,20050.1211624146,801.863692965455
23099,E00023810,E09000033,E09000033,Westminster,13600.7745742798,593.840675617243
23100,E00023811,E09000033,E09000033,Westminster,30364.9510269165,817.267809290641
23101,E00023812,E09000033,E09000033,Westminster,3261.99728393555,269.446463528534
23102,E00023813,E09000033,E09000033,Westminster,22280.7379150391,904.187483604393
23103,E00023814,E09000033,E09000033,Westminster,10150.6128616333,424.701758649818
23104,E00023815,E09000033,E09000033,Westminster,8233.33447265625,457.908384066636
23105,E00023816,E09000033,E09000033,Westminster,52592.1606140137,1181.76886679157
23106,E00023817,E09000033,E09000033,Westminster,53798.8242111206,1572.94848041955
23107,E00023818,E09000033,E09000033,Westminster,42440.6873474121,1615.20648940183
23108,E00023819,E09000033,E09000033,Westminster,37756.1928253174,1886.4450159728
23109,E00023820,E09000033,E09000033,Westminster,9388.54137420654,514.92012414658
23110,E00023821,E09000033,E09000033,Westminster,16763.7355804443,820.189478686497
23111,E00023822,E09000033,E09000033,Westminster,16872.9991912842,577.927008685582
23112,E00023823,E09000033,E09000033,Westminster,11215.9294433594,666.813432952996
23113,E00023824,E09000033,E09000033,Westminster,44336.7305297852,1656.52643648584
23114,E00023825,E09000033,E09000033,Westminster,21395.3752746582,1166.40760748535
23115,E00023826,E09000033,E09000033,Westminster,34546.4402160645,2143.83354048354
23116,E00023827,E09000033,E09000033,Westminster,21736.0983123779,1577.75015688735
23117,E00023828,E09000033,E09000033,Westminster,25858.5906829834,978.489490566225
23118,E00023829,E09000033,E09000033,Westminster,9611.77704620361,725.137304832753
23119,E00023830,E09000033,E09000033,Westminster,12104.3095092773,576.754984517571
23120,E00023831,E09000033,E09000033,Westminster,13226.7759170532,1051.37691655711
23121,E00023832,E09000033,E09000033,Westminster,12289.3433609009,899.517973346648
23122,E00023833,E09000033,E09000033,Westminster,7692.45415496826,661.951479180023
23123,E00023834,E09000033,E09000033,Westminster,71340.9478225708,1496.71550672614
23124,E00023835,E09000033,E09000033,Westminster,16834.8438034058,722.015294684896
23125,E00023836,E09000033,E09000033,Westminster,15043.1087036133,846.699521983309
23126,E00023837,E09000033,E09000033,Westminster,11480.4571151733,858.946880891036
23127,E00023838,E09000033,E09000033,Westminster,16026.8915328979,861.855817703626
23128,E00023839,E09000033,E09000033,Westminster,107165.644561768,2227.6366958991
23129,E00023840,E09000033,E09000033,Westminster,21175.10962677,877.815707756387
23130,E00023841,E09000033,E09000033,Westminster,21859.463684082,1260.18573026096
23131,E00023842,E09000033,E09000033,Westminster,49401.0279846191,1199.91355994745
23132,E00023843,E09000033,E09000033,Westminster,17812.6549758911,828.35554200516
23133,E00023844,E09000033,E09000033,Westminster,31932.5881881714,1666.87518702507
23134,E00023845,E09000033,E09000033,Westminster,68522.9306106567,1279.84853838293
23135,E00023846,E09000033,E09000033,Westminster,9705.59269714355,576.463999916385
23136,E00023847,E09000033,E09000033,Westminster,3044.4948348999,252.664953995315
23137,E00023848,E09000033,E09000033,Westminster,21998.4431533813,792.506135959425
23138,E00023849,E09000033,E09000033,Westminster,16434.9346237183,688.789116433478
23139,E00023851,E09000033,E09000033,Westminster,16415.3025436401,842.578574366793
23140,E00023852,E09000033,E09000033,Westminster,19049.1345748901,620.837111039454
23141,E00023853,E09000033,E09000033,Westminster,10120.4949264526,485.631658185105
23142,E00023854,E09000033,E09000033,Westminster,21957.3985290527,912.520515869243
23143,E00023855,E09000033,E09000033,Westminster,18832.1814804077,679.222345931291
23144,E00023856,E09000033,E09000033,Westminster,11726.8631362915,715.63120084045
23145,E00023857,E09000033,E09000033,Westminster,12991.1950912476,667.952288807785
23146,E00023858,E09000033,E09000033,Westminster,11150.7891998291,811.981896236701
23147,E00023859,E09000033,E09000033,Westminster,11105.7195053101,646.556373287054
23148,E00023860,E09000033,E09000033,Westminster,14504.3640823364,648.408709369649
23149,E00023861,E09000033,E09000033,Westminster,40994.3496170044,1342.55106379329
23150,E00023862,E09000033,E09000033,Westminster,13701.6199188232,605.994162841179
23151,E00023863,E09000033,E09000033,Westminster,17202.9035186768,969.391801857662
23152,E00023864,E09000033,E09000033,Westminster,20911.8661651611,824.845432236975
23153,E00023865,E09000033,E09000033,Westminster,16486.3364486694,1092.1257830782
23154,E00023866,E09000033,E09000033,Westminster,15186.8843460083,692.475775569313
23155,E00023867,E09000033,E09000033,Westminster,13442.5260314941,543.12453985181
23156,E00023869,E09000033,E09000033,Westminster,18454.4447937012,863.148845206277
23157,E00023870,E09000033,E09000033,Westminster,17699.2257537842,578.618708526838
23158,E00023871,E09000033,E09000033,Westminster,14383.201133728,597.646317007141
23159,E00023872,E09000033,E09000033,Westminster,15667.3388748169,824.699980721313
23160,E00023873,E09000033,E09000033,Westminster,26204.2554779053,1048.51787168473
23161,E00023874,E09000033,E09000033,Westminster,17446.6289291382,604.062799532252
23162,E00023875,E09000033,E09000033,Westminster,18175.2407531738,873.633896644683
23163,E00023876,E09000033,E09000033,Westminster,21496.6383361816,950.285542822556
23164,E00023877,E09000033,E09000033,Westminster,41635.0169219971,1222.98355279391
23165,E00023878,E09000033,E09000033,Westminster,11285.9052200317,752.722421313438
23166,E00023879,E09000033,E09000033,Westminster,17082.8440322876,928.022771355254
23167,E00023880,E09000033,E09000033,Westminster,6898.08622741699,402.495718378212
23168,E00023881,E09000033,E09000033,Westminster,16553.6349563599,636.875008503147
23169,E00023882,E09000033,E09000033,Westminster,82420.24193573,1545.50136423788
23170,E00023883,E09000033,E09000033,Westminster,15439.7014770508,873.85752102533
23171,E00023884,E09000033,E09000033,Westminster,23741.4894485474,688.439495227733
23172,E00023885,E09000033,E09000033,Westminster,13381.7678146362,664.129914220842
23173,E00023886,E09000033,E09000033,Westminster,15180.7350540161,651.694746112137
23174,E00023887,E09000033,E09000033,Westminster,20403.9039993286,827.703185359574
23175,E00023888,E09000033,E09000033,Westminster,14272.7916488647,749.611879219568
23176,E00023889,E09000033,E09000033,Westminster,10441.3103790283,559.892864385419
23177,E00023890,E09000033,E09000033,Westminster,8745.78609466553,456.084121820235
23178,E00023891,E09000033,E09000033,Westminster,81924.1608352661,1858.25925686023
23179,E00023892,E09000033,E09000033,Westminster,10406.2062988281,700.461686540855
23180,E00023893,E09000033,E09000033,Westminster,18792.3348617554,756.609113627547
23181,E00023894,E09000033,E09000033,Westminster,11012.6399765015,584.94778212109
23182,E00023895,E09000033,E09000033,Westminster,6118.73810577393,420.028414710082
23183,E00023896,E09000033,E09000033,Westminster,7298.09255218506,403.518696550768
23184,E00023897,E09000033,E09000033,Westminster,6452.50238800049,468.030321294321
23185,E00023898,E09000033,E09000033,Westminster,39240.2957000732,905.174726170596
23186,E00023899,E09000033,E09000033,Westminster,84465.8097229004,1870.66303774795
23187,E00023900,E09000033,E09000033,Westminster,4483.4066619873,298.715193492813
23188,E00023901,E09000033,E09000033,Westminster,3610.95069122314,299.511967735587
23189,E00023902,E09000033,E09000033,Westminster,55341.6807479858,1154.44660960995
23190,E00023903,E09000033,E09000033,Westminster,20441.5291290283,654.144003416351
23191,E00023904,E09000033,E09000033,Westminster,21153.0666809082,944.421037806974
23192,E00023905,E09000033,E09000033,Westminster,24244.1230926514,726.364573942531
23193,E00023906,E09000033,E09000033,Westminster,3181.59633636475,247.347464566407
23194,E00023907,E09000033,E09000033,Westminster,4779.04679870605,283.294725193177
23195,E00023908,E09000033,E09000033,Westminster,3763.56179046631,285.635349151662
23196,E00023909,E09000033,E09000033,Westminster,21230.0582351685,784.489784629641
23197,E00023910,E09000033,E09000033,Westminster,14519.6288223267,567.644857836822
23198,E00023911,E09000033,E09000033,Westminster,6320.18384552002,318.180852730997
23199,E00023912,E09000033,E09000033,Westminster,12096.9145126343,571.60188129485
23200,E00023913,E09000033,E09000033,Westminster,22396.0128326416,612.0447363734
23201,E00023914,E09000033,E09000033,Westminster,19766.078956604,707.881542766574
23202,E00023916,E09000033,E09000033,Westminster,7036.11634063721,376.217884634973
23203,E00023917,E09000033,E09000033,Westminster,11905.2771377563,536.375064296663
23204,E00023918,E09000033,E09000033,Westminster,11759.9241104126,523.435311800337
23205,E00023919,E09000033,E09000033,Westminster,1032335.59131622,5847.6897397833
23206,E00023920,E09000033,E09000033,Westminster,20503.6814727783,995.675924565981
23207,E00023921,E09000033,E09000033,Westminster,7276.93578338623,469.499346528676
23208,E00023922,E09000033,E09000033,Westminster,373966.960380554,3112.3500397557
23209,E00023923,E09000033,E09000033,Westminster,12366.5149917603,539.996533802664
23210,E00023924,E09000033,E09000033,Westminster,10741.5560150146,509.543121360928
23211,E00023925,E09000033,E09000033,Westminster,18522.1455230713,642.777838324614
23212,E00023926,E09000033,E09000033,Westminster,8019.38751220703,581.199677265596
23213,E00023927,E09000033,E09000033,Westminster,33035.7499771118,1565.49079702801
23214,E00023928,E09000033,E09000033,Westminster,34033.9418182373,1349.76727849968
23215,E00023929,E09000033,E09000033,Westminster,83975.5143585205,1740.23468603924
23216,E00023930,E09000033,E09000033,Westminster,363006.197753906,3842.60186475693
23217,E00023931,E09000033,E09000033,Westminster,75158.8967514038,2037.89340698476
23218,E00023932,E09000033,E09000033,Westminster,60484.3142089844,1663.00569896418
23219,E00023933,E09000033,E09000033,Westminster,44219.7862548828,1185.82065994074
23220,E00023934,E09000033,E09000033,Westminster,65710.2645797729,1920.57730927971
23221,E00023935,E09000033,E09000033,Westminster,250191.757850647,3343.34195604453
23222,E00023936,E09000033,E09000033,Westminster,333784.515296936,3222.08267044532
23223,E00023937,E09000033,E09000033,Westminster,209303.76612854,3390.62075443386
23224,E00023938,E09000033,E09000033,Westminster,281564.45476532,3234.15179894131
23225,E00023939,E09000033,E09000033,Westminster,115520.373252869,2678.9427035045
23226,E00023941,E09000033,E09000033,Westminster,40147.5598068237,1365.62356744223
23227,E00023942,E09000033,E09000033,Westminster,57374.3104400635,1479.65861810927
23228,E00023943,E09000033,E09000033,Westminster,21252.587600708,931.949540528075
23229,E00023944,E09000033,E09000033,Westminster,5575.62562561035,335.699173207517
23230,E00023945,E09000033,E09000033,Westminster,357431.868537903,4467.26015743205
23231,E00023946,E09000033,E09000033,Westminster,231777.420852661,2357.21939222864
23232,E00023947,E09000033,E09000033,Westminster,37890.8721313477,1396.46299080291
23233,E00023948,E09000033,E09000033,Westminster,22623.0625076294,827.949371670144
23234,E00023949,E09000033,E09000033,Westminster,8113.99796295166,549.680955128612
23235,E00023950,E09000033,E09000033,Westminster,3730.5354385376,375.656901548219
23236,E00023951,E09000033,E09000033,Westminster,6545.19274139404,466.034453658816
23237,E00023953,E09000033,E09000033,Westminster,14122.9011688232,652.866368393484
23238,E00023954,E09000033,E09000033,Westminster,12009.9519271851,662.146539732763
23239,E00023955,E09000033,E09000033,Westminster,20634.1807174683,778.490820863735
23240,E00023956,E09000033,E09000033,Westminster,7183.1198348999,400.089651287238
23241,E00023957,E09000033,E09000033,Westminster,22206.8242721558,981.132442317274
23242,E00023958,E09000033,E09000033,Westminster,5495.70690155029,394.857129688212
23243,E00023959,E09000033,E09000033,Westminster,8875.09020996094,453.955986253024
23244,E00023960,E09000033,E09000033,Westminster,13109.0559539795,539.21490271615
23245,E00023963,E09000033,E09000033,Westminster,5263.11349487305,452.735421078033
23246,E00023964,E09000033,E09000033,Westminster,12330.8526382446,783.832114714884
23247,E00023965,E09000033,E09000033,Westminster,33491.8769378662,1077.1823952553
23248,E00023966,E09000033,E09000033,Westminster,11694.9114456177,563.494129820988
23249,E00023967,E09000033,E09000033,Westminster,8001.52420043945,619.915232692794
23250,E00023968,E09000033,E09000033,Westminster,6889.24175262451,409.920587550915
23251,E00023969,E09000033,E09000033,Westminster,5889.68891143799,347.507074235167
23252,E00023971,E09000033,E09000033,Westminster,4719.67106628418,318.22679366128
23253,E00023972,E09000033,E09000033,Westminster,14313.843963623,655.572334742391
23254,E00023973,E09000033,E09000033,Westminster,29331.7483596802,1013.85303554488
23255,E00023974,E09000033,E09000033,Westminster,11210.7448806763,475.713867629778
23256,E00023975,E09000033,E09000033,Westminster,26543.8935623169,1458.01028279206
23257,E00023976,E09000033,E09000033,Westminster,10381.4531326294,743.495879988437
23258,E00023977,E09000033,E09000033,Westminster,3476.19606018066,346.815589485556
23259,E00023978,E09000033,E09000033,Westminster,4344.0530090332,310.32342640107
23260,E00023979,E09000033,E09000033,Westminster,3455.85897827148,256.439268805335
23261,E00023980,E09000033,E09000033,Westminster,4342.77268981934,269.355578366043
23262,E00023981,E09000033,E09000033,Westminster,12711.0590515137,535.346983590283
23263,E00023982,E09000033,E09000033,Westminster,6939.90518951416,392.491486245683
23264,E00023985,E09000033,E09000033,Westminster,8450.4864654541,498.060260309565
23265,E00023986,E09000033,E09000033,Westminster,6235.02767944336,334.563424153082
23266,E00023987,E09000033,E09000033,Westminster,3729.07933807373,273.344060223277
23267,E00023988,E09000033,E09000033,Westminster,5096.49491119385,350.014109663481
23268,E00023989,E09000033,E09000033,Westminster,9260.22891235352,433.437160332325
23269,E00023990,E09000033,E09000033,Westminster,9520.06564331055,446.281159713874
23270,E00023991,E09000033,E09000033,Westminster,5598.61394500732,450.211714537979
23271,E00023992,E09000033,E09000033,Westminster,6519.68357849121,362.604653846002
23272,E00023993,E09000033,E09000033,Westminster,10117.5256576538,414.194266807216
23273,E00023994,E09000033,E09000033,Westminster,6243.15030670166,349.17529693181
23274,E00023995,E09000033,E09000033,Westminster,6650.51502227783,396.392703876207
23275,E00023996,E09000033,E09000033,Westminster,5949.90573883057,341.829777066407
23276,E00023997,E09000033,E09000033,Westminster,5412.41638183594,425.674183690446
23277,E00023998,E09000033,E09000033,Westminster,2592.62789154053,230.808801148891
23278,E00023999,E09000033,E09000033,Westminster,11603.0559158325,630.334600532441
23279,E00024001,E09000033,E09000033,Westminster,40451.2116165161,1280.98526069201
23280,E00024002,E09000033,E09000033,Westminster,15064.5818634033,974.332013722203
23281,E00024004,E09000033,E09000033,Westminster,8226.99020385742,408.248316909803
23282,E00024005,E09000033,E09000033,Westminster,62317.6614532471,1588.30617143022
23283,E00024006,E09000033,E09000033,Westminster,12054.1276321411,652.442280936452
23284,E00024007,E09000033,E09000033,Westminster,21917.4565353394,838.552011835028
23285,E00024008,E09000033,E09000033,Westminster,15341.4326934814,839.484914893443
23286,E00024009,E09000033,E09000033,Westminster,8802.78913879395,442.407159053808
23287,E00024010,E09000033,E09000033,Westminster,5223.94846343994,318.762619595783
23288,E00024011,E09000033,E09000033,Westminster,6153.97045898438,330.977596634718
23289,E00024012,E09000033,E09000033,Westminster,3199.55676269531,230.563151887612
23290,E00024013,E09000033,E09000033,Westminster,5973.80542755127,379.953088735522
23291,E00024014,E09000033,E09000033,Westminster,6914.5032043457,417.069700543878
23292,E00024016,E09000033,E09000033,Westminster,3367.85113525391,245.266182512606
23293,E00024017,E09000033,E09000033,Westminster,3220.09172058105,233.637293692558
23294,E00024018,E09000033,E09000033,Westminster,4194.06053924561,312.906336029688
23295,E00024019,E09000033,E09000033,Westminster,5243.7961807251,436.307833025325
23296,E00024020,E09000033,E09000033,Westminster,14452.9678039551,592.581745260201
23297,E00024021,E09000033,E09000033,Westminster,6635.72819519043,395.017486478555
23298,E00024022,E09000033,E09000033,Westminster,12764.316986084,673.581082783315
23299,E00024023,E09000033,E09000033,Westminster,9445.36554718018,496.300354703082
23300,E00024024,E09000033,E09000033,Westminster,62419.7680892944,1333.0855362526
23301,E00024025,E09000033,E09000033,Westminster,14097.2316589355,612.484673796936
23302,E00024026,E09000033,E09000033,Westminster,15131.5176315308,726.036392827975
23303,E00024028,E09000033,E09000033,Westminster,16473.594619751,795.639707334376
23304,E00024029,E09000033,E09000033,Westminster,20268.0581054688,604.417782443356
23305,E00024030,E09000033,E09000033,Westminster,68379.5738372803,2064.43388617696
23306,E00024031,E09000033,E09000033,Westminster,19087.4670181274,642.204774003489
23307,E00024032,E09000033,E09000033,Westminster,25409.9947662354,906.500816796928
23308,E00024033,E09000033,E09000033,Westminster,8785.8335647583,546.495005973906
23309,E00024034,E09000033,E09000033,Westminster,9515.07120513916,476.845918253632
23310,E00024036,E09000033,E09000033,Westminster,4887.11400604248,457.177374787164
23311,E00024037,E09000033,E09000033,Westminster,3078.75218200684,265.880709261873
23312,E00024038,E09000033,E09000033,Westminster,5931.33631896973,369.069732454784
23313,E00024039,E09000033,E09000033,Westminster,5838.18266296387,331.865126018524
23314,E00024040,E09000033,E09000033,Westminster,7205.50519561768,477.597764649462
23315,E00024041,E09000033,E09000033,Westminster,6765.27029418945,456.390041520751
23316,E00024042,E09000033,E09000033,Westminster,11724.1533966064,549.191416082683
23317,E00024043,E09000033,E09000033,Westminster,7085.21311950684,451.523745959495
23318,E00024044,E09000033,E09000033,Westminster,5889.19030761719,460.905130620793
23319,E00024045,E09000033,E09000033,Westminster,6972.2593460083,363.325012383483
23320,E00024046,E09000033,E09000033,Westminster,8387.8540802002,462.621098234856
23321,E00024047,E09000033,E09000033,Westminster,6201.02508544922,381.002467786296
23322,E00024048,E09000033,E09000033,Westminster,78909.8335113525,1286.15143636799
23323,E00024050,E09000033,E09000033,Westminster,32677.6104660034,735.226978864602
23324,E00024051,E09000033,E09000033,Westminster,16257.1228179932,731.861893703736
23325,E00024052,E09000033,E09000033,Westminster,10611.4792785645,945.867230737027
23326,E00024053,E09000033,E09000033,Westminster,29941.0245056152,984.990707774186
23327,E00024054,E09000033,E09000033,Westminster,53625.8155593872,1569.0940732251
23328,E00024055,E09000033,E09000033,Westminster,6816.73163604736,498.908108227181
23329,E00024056,E09000033,E09000033,Westminster,12897.7401123047,488.20591079034
23330,E00024057,E09000033,E09000033,Westminster,13390.8756103516,747.385192114393
23331,E00024058,E09000033,E09000033,Westminster,21285.5065383911,1021.99175386561
23332,E00024059,E09000033,E09000033,Westminster,20726.6938171387,707.664069670914
23333,E00024060,E09000033,E09000033,Westminster,9620.82377624512,517.687259470162
23334,E00024061,E09000033,E09000033,Westminster,11459.9614868164,631.342466199225
23335,E00024062,E09000033,E09000033,Westminster,3242.79537200928,336.789058018185
23336,E00024063,E09000033,E09000033,Westminster,11164.8472595215,484.691666668231
23337,E00024064,E09000033,E09000033,Westminster,6062.77439880371,470.4714794124
23338,E00024065,E09000033,E09000033,Westminster,7940.77033233643,511.787140083698
23339,E00024066,E09000033,E09000033,Westminster,3082.47258758545,345.347140587269
23340,E00024067,E09000033,E09000033,Westminster,7715.96841430664,458.299435644121
23341,E00024068,E09000033,E09000033,Westminster,8599.23051452637,403.062427729262
23342,E00024069,E09000033,E09000033,Westminster,2697.42846679688,263.952514723273
23343,E00024070,E09000033,E09000033,Westminster,9013.69374084473,447.984311791153
23344,E00024071,E09000033,E09000033,Westminster,6350.65159606934,359.913272775862
23345,E00024072,E09000033,E09000033,Westminster,14944.6153335571,560.238044677098
23346,E00024073,E09000033,E09000033,Westminster,20918.6744308472,840.797642217051
23347,E00024074,E09000033,E09000033,Westminster,21337.26927948,1127.97732076006
23348,E00024075,E09000033,E09000033,Westminster,21153.4691772461,746.484662694856
23349,E00024076,E09000033,E09000033,Westminster,46528.926651001,1048.57833492126
23350,E00024077,E09000033,E09000033,Westminster,14626.1401596069,623.587409471179
23351,E00024078,E09000033,E09000033,Westminster,7090.79590606689,425.127129535882
23352,E00024079,E09000033,E09000033,Westminster,7118.45096588135,428.976099578844
23353,E00024080,E09000033,E09000033,Westminster,60345.1577911377,1244.53676814732
23354,E00024081,E09000033,E09000033,Westminster,10039.1680145264,559.951690802693
23355,E00024083,E09000033,E09000033,Westminster,11483.5556640625,624.24101166149
23356,E00024084,E09000033,E09000033,Westminster,12422.3895492554,617.553133075657
23357,E00024085,E09000033,E09000033,Westminster,20452.7347640991,852.956624044439
23358,E00024086,E09000033,E09000033,Westminster,12587.9484863281,550.431344548135
23359,E00024087,E09000033,E09000033,Westminster,10668.5400695801,509.78683493674
23360,E00024088,E09000033,E09000033,Westminster,9217.71822357178,586.660298213322
23361,E00024089,E09000033,E09000033,Westminster,14241.5059814453,924.505994919188
23362,E00024090,E09000033,E09000033,Westminster,10735.2465667725,461.271180127155
23363,E00024091,E09000033,E09000033,Westminster,13024.0668029785,480.224785219517
23364,E00024092,E09000033,E09000033,Westminster,25190.3832015991,847.003559932143
23365,E00024093,E09000033,E09000033,Westminster,9668.75782012939,561.569349467753
23366,E00024094,E09000033,E09000033,Westminster,8300.12538909912,433.326631292152
23367,E00024095,E09000033,E09000033,Westminster,10779.6815032959,586.268865970167
23368,E00024096,E09000033,E09000033,Westminster,30886.7358093262,875.043272631248
23369,E00024097,E09000033,E09000033,Westminster,18936.9781570435,983.381828300631
23370,E00024098,E09000033,E09000033,Westminster,8480.40232086182,500.990038834207
23371,E00024099,E09000033,E09000033,Westminster,5150.50042724609,317.212578941061
23372,E00024100,E09000033,E09000033,Westminster,15059.9144439697,622.645668838763
23373,E00024101,E09000033,E09000033,Westminster,19821.7000579834,699.341811558725
23374,E00024103,E09000033,E09000033,Westminster,30822.0812759399,1053.09207371392
23375,E00024104,E09000033,E09000033,Westminster,15777.8834686279,731.876418033632
23376,E00024105,E09000033,E09000033,Westminster,38036.3455886841,866.804656960544
23377,E00024106,E09000033,E09000033,Westminster,2131.55736541748,194.429365239281
23378,E00024107,E09000033,E09000033,Westminster,32482.2886581421,1189.45600884058
23379,E00024108,E09000033,E09000033,Westminster,16012.1014251709,1052.27773246753
23380,E00024109,E09000033,E09000033,Westminster,60188.1036529541,1441.66378060935
23381,E00024110,E09000033,E09000033,Westminster,23987.4458236694,1191.94239715553
23382,E00024112,E09000033,E09000033,Westminster,105237.913040161,2108.10109432919
23383,E00024113,E09000033,E09000033,Westminster,161687.506622314,2513.75398467317
23384,E00024114,E09000033,E09000033,Westminster,36659.9929885864,1344.35243629532
23385,E00024115,E09000033,E09000033,Westminster,45197.1768722534,1950.67246744223
23386,E00024116,E09000033,E09000033,Westminster,88359.5109481812,2234.05354924102
23387,E00024117,E09000033,E09000033,Westminster,63259.0546188354,2178.55979907029
23388,E00024118,E09000033,E09000033,Westminster,56862.8104400635,1987.84185022744
23389,E00024119,E09000033,E09000033,Westminster,31157.7674560547,1483.03518070188
23390,E00024121,E09000033,E09000033,Westminster,16595.9885406494,859.553763248232
23391,E00024122,E09000033,E09000033,Westminster,3575.10296630859,398.709865964886
23392,E00024123,E09000033,E09000033,Westminster,6275.34758758545,552.328513717995
23393,E00024124,E09000033,E09000033,Westminster,49763.7231140137,1718.86710438968
23394,E00024125,E09000033,E09000033,Westminster,8175.7650604248,590.151562374133
23395,E00024126,E09000033,E09000033,Westminster,6159.27062988281,585.946265258733
23396,E00024127,E09000033,E09000033,Westminster,24858.657623291,988.823748763565
23397,E00024128,E09000033,E09000033,Westminster,32555.744644165,1331.41705028108
23398,E00024129,E09000033,E09000033,Westminster,124229.414237976,2316.53370701555
23399,E00024130,E09000033,E09000033,Westminster,69785.597946167,2006.8184301223
23400,E00024133,E09000033,E09000033,Westminster,45045.5510864258,1935.05032302072
23401,E00024134,E09000033,E09000033,Westminster,22816.2095031738,1076.87979191569
23402,E00024135,E09000033,E09000033,Westminster,13718.9873657227,511.684961682379
23403,E00024136,E09000033,E09000033,Westminster,24876.6636123657,1287.9966362522
23404,E00024137,E09000033,E09000033,Westminster,33841.3212814331,1330.41134479493
23405,E00024138,E09000033,E09000033,Westminster,23597.668510437,1327.00971950862
23406,E00024140,E09000033,E09000033,Westminster,52259.1566696167,2033.82320747787
169778,E00175180,E09000033,E09000033,Westminster,16529.904258728,618.047021261278
169779,E00175181,E09000033,E09000033,Westminster,54191.5123672485,1337.30070508923
169780,E00175182,E09000033,E09000033,Westminster,58114.3012542725,1271.65185950401
169781,E00175183,E09000033,E09000033,Westminster,34240.12449646,909.510986531876
169782,E00175184,E09000033,E09000033,Westminster,5919.71746826172,430.350184440096
169783,E00175185,E09000033,E09000033,Westminster,11443.1343460083,574.120621686369
169784,E00175186,E09000033,E09000033,Westminster,123117.179039001,1637.37506161815
169785,E00175187,E09000033,E09000033,Westminster,27273.4000473022,989.803463015353
169786,E00175188,E09000033,E09000033,Westminster,10229.8597183228,449.80556635639
169787,E00175189,E09000033,E09000033,Westminster,41280.4247589111,1074.33151631854
169788,E00175190,E09000033,E09000033,Westminster,102911.25440979,1996.2678096006
169789,E00175191,E09000033,E09000033,Westminster,68126.8328170776,1656.46613548899
169790,E00175192,E09000033,E09000033,Westminster,18654.9004821777,930.752606515718
169791,E00175193,E09000033,E09000033,Westminster,58871.2380905151,1468.39458852161
169792,E00175194,E09000033,E09000033,Westminster,92139.8290710449,2388.76165472306
169793,E00175195,E09000033,E09000033,Westminster,19980.1221847534,819.961780157177
169794,E00175196,E09000033,E09000033,Westminster,140352.926521301,2709.38517658522
169795,E00175197,E09000033,E09000033,Westminster,5561.90209197998,352.945827161598
169796,E00175198,E09000033,E09000033,Westminster,17306.287651062,1021.38076342802
169797,E00175199,E09000033,E09000033,Westminster,9790.93016052246,424.31630296855
169798,E00175200,E09000033,E09000033,Westminster,3135.62421417236,268.872318052605
169799,E00175201,E09000033,E09000033,Westminster,5309.15309906006,363.964329987587
169800,E00175202,E09000033,E09000033,Westminster,3912.74549102783,297.196611192305
169801,E00175203,E09000033,E09000033,Westminster,4149.04293060303,266.070565948361
169802,E00175204,E09000033,E09000033,Westminster,10897.8615036011,511.199571051256
169803,E00175205,E09000033,E09000033,Westminster,9945.42063140869,766.546920366609
169804,E00175206,E09000033,E09000033,Westminster,1855944.72635651,7125.02690064287
169805,E00175207,E09000033,E09000033,Westminster,18023.870223999,731.590837491065
169806,E00175208,E09000033,E09000033,Westminster,75922.4351959229,1387.27425508395
169807,E00175209,E09000033,E09000033,Westminster,43778.479019165,1131.0818034001
169808,E00175210,E09000033,E09000033,Westminster,8981.28195953369,425.27775717636
169809,E00175211,E09000033,E09000033,Westminster,10447.6049728394,776.755427251763
169810,E00175212,E09000033,E09000033,Westminster,21933.6239547729,1268.92725337898
169811,E00175213,E09000033,E09000033,Westminster,26447.3534851074,1031.24408846024
169812,E00175214,E09000033,E09000033,Westminster,85097.7605514526,1475.85037778698
169813,E00175215,E09000033,E09000033,Westminster,19622.0390090942,637.382991682566
169814,E00175216,E09000033,E09000033,Westminster,5529.27801513672,304.964807044502
169815,E00175217,E09000033,E09000033,Westminster,20133.8817596436,797.061648866
169816,E00175218,E09000033,E09000033,Westminster,24953.0759811401,779.194742235573
169817,E00175219,E09000033,E09000033,Westminster,30196.885925293,878.527987219726
169818,E00175220,E09000033,E09000033,Westminster,23819.4116897583,1081.92579651978
169819,E00175221,E09000033,E09000033,Westminster,7054.92977905273,394.044972276259
169820,E00175222,E09000033,E09000033,Westminster,6333.99475097656,368.594449569045
169821,E00175223,E09000033,E09000033,Westminster,7126.69123840332,458.750195331855
169822,E00175224,E09000033,E09000033,Westminster,2939.66429901123,231.907404654644
169823,E00175225,E09000033,E09000033,Westminster,13867.1753768921,728.079100263834
169824,E00175226,E09000033,E09000033,Westminster,110406.872764587,1686.0108755737
169825,E00175227,E09000033,E09000033,Westminster,10473.3897094727,561.20463775101
169826,E00175228,E09000033,E09000033,Westminster,7674.435546875,430.354886589561
169827,E00175229,E09000033,E09000033,Westminster,16874.789024353,567.482461382682
169828,E00175230,E09000033,E09000033,Westminster,4921.61598205566,320.746613468129
169829,E00175231,E09000033,E09000033,Westminster,19583.5059432983,626.009681537524
169830,E00175232,E09000033,E09000033,Westminster,5019.34902954102,384.016786464803
169831,E00175233,E09000033,E09000033,Westminster,15344.481590271,1004.52616984593
169832,E00175234,E09000033,E09000033,Westminster,9000.67948913574,482.033922157887
169833,E00175235,E09000033,E09000033,Westminster,19233.3828125,779.097151224075
169834,E00175236,E09000033,E09000033,Westminster,9800.02674102783,447.200098603747
169835,E00175237,E09000033,E09000033,Westminster,8529.08628082275,548.236229063363
169836,E00175238,E09000033,E09000033,Westminster,8482.45406341553,543.721527422263
169837,E00175239,E09000033,E09000033,Westminster,15225.9786605835,655.292743769632
169838,E00175240,E09000033,E09000033,Westminster,5748.32634735107,414.422880927887
169839,E00175241,E09000033,E09000033,Westminster,17888.0138015747,803.979464522293
169840,E00175242,E09000033,E09000033,Westminster,16652.1590194702,716.541147441517
169841,E00175243,E09000033,E09000033,Westminster,11203.3597183228,550.518295634103
169842,E00175244,E09000033,E09000033,Westminster,7191.43188476563,333.277857739069
169843,E00175245,E09000033,E09000033,Westminster,11182.6172790527,456.052172499271
169844,E00175246,E09000033,E09000033,Westminster,17356.6682662964,621.930312497853
169845,E00175247,E09000033,E09000033,Westminster,5300.74024963379,389.397958971865
169846,E00175248,E09000033,E09000033,Westminster,161.856285095215,83.3085825979633
169847,E00175249,E09000033,E09000033,Westminster,191330.942481995,3207.80530809966
169848,E00175250,E09000033,E09000033,Westminster,626891.465377808,4063.32236808963
169849,E00175251,E09000033,E09000033,Westminster,7735.2776184082,481.585605600405
169850,E00175252,E09000033,E09000033,Westminster,6248.53931427002,330.110084239036
169851,E00175253,E09000033,E09000033,Westminster,20942.1149673462,876.608724156411
169852,E00175254,E09000033,E09000033,Westminster,8081.64569854736,360.775474585516
169853,E00175255,E09000033,E09000033,Westminster,7644.97250366211,425.983165426987
169854,E00175256,E09000033,E09000033,Westminster,2950.68244171143,247.119830450374
169855,E00175257,E09000033,E09000033,Westminster,10856.2910385132,546.806273982367
169856,E00175258,E09000033,E09000033,Westminster,4310.57765960693,276.556271285457
169857,E00175259,E09000033,E09000033,Westminster,16808.0973815918,824.768823202813
169858,E00175260,E09000033,E09000033,Westminster,5977.77537536621,374.292586764655
169859,E00175261,E09000033,E09000033,Westminster,12078.8772964478,624.247706622537
169860,E00175262,E09000033,E09000033,Westminster,8894.20016479492,467.002313445466
169861,E00175263,E09000033,E09000033,Westminster,7275.81649780273,446.549224278824
169862,E00175264,E09000033,E09000033,Westminster,15324.186920166,674.960801120834
169863,E00175265,E09000033,E09000033,Westminster,13806.1613845825,551.98714205649
169864,E00175266,E09000033,E09000033,Westminster,14486.5325775146,564.886362953944
169865,E00175267,E09000033,E09000033,Westminster,10673.3538131714,689.456331249378
169866,E00175268,E09000033,E09000033,Westminster,11980.3755187988,556.930187897858
169867,E00175269,E09000033,E09000033,Westminster,10832.6907272339,430.460433049699
169868,E00175270,E09000033,E09000033,Westminster,14138.8009567261,599.746860973352
169869,E00175271,E09000033,E09000033,Westminster,7263.3455581665,389.900013234879
169870,E00175272,E09000033,E09000033,Westminster,8233.19546508789,485.965958344713
169871,E00175273,E09000033,E09000033,Westminster,8078.23062896729,588.638181411205
169872,E00175274,E09000033,E09000033,Westminster,12316.3712692261,525.394433122441
169873,E00175275,E09000033,E09000033,Westminster,19791.3894348145,685.326435295154
169874,E00175276,E09000033,E09000033,Westminster,13437.357635498,576.256273876281
169875,E00175277,E09000033,E09000033,Westminster,8779.76711273193,409.560887233807
169876,E00175278,E09000033,E09000033,Westminster,10355.0287857056,536.501590460138
169877,E00175279,E09000033,E09000033,Westminster,13429.8686599731,642.247726142516
